-- MySQL dump 10.13  Distrib 8.0.25-15, for Linux (x86_64)
--
-- Host: localhost    Database: u3079686_dev
-- ------------------------------------------------------
-- Server version	8.0.25-15

/*!40101 SET @OLD_CHARACTER_SET_CLIENT=@@CHARACTER_SET_CLIENT */;
/*!40101 SET @OLD_CHARACTER_SET_RESULTS=@@CHARACTER_SET_RESULTS */;
/*!40101 SET @OLD_COLLATION_CONNECTION=@@COLLATION_CONNECTION */;
/*!50503 SET NAMES utf8mb4 */;
/*!40103 SET @OLD_TIME_ZONE=@@TIME_ZONE */;
/*!40103 SET TIME_ZONE='+00:00' */;
/*!40014 SET @OLD_UNIQUE_CHECKS=@@UNIQUE_CHECKS, UNIQUE_CHECKS=0 */;
/*!40014 SET @OLD_FOREIGN_KEY_CHECKS=@@FOREIGN_KEY_CHECKS, FOREIGN_KEY_CHECKS=0 */;
/*!40101 SET @OLD_SQL_MODE=@@SQL_MODE, SQL_MODE='NO_AUTO_VALUE_ON_ZERO' */;
/*!40111 SET @OLD_SQL_NOTES=@@SQL_NOTES, SQL_NOTES=0 */;
/*!50717 SELECT COUNT(*) INTO @rocksdb_has_p_s_session_variables FROM INFORMATION_SCHEMA.TABLES WHERE TABLE_SCHEMA = 'performance_schema' AND TABLE_NAME = 'session_variables' */;
/*!50717 SET @rocksdb_get_is_supported = IF (@rocksdb_has_p_s_session_variables, 'SELECT COUNT(*) INTO @rocksdb_is_supported FROM performance_schema.session_variables WHERE VARIABLE_NAME=\'rocksdb_bulk_load\'', 'SELECT 0') */;
/*!50717 PREPARE s FROM @rocksdb_get_is_supported */;
/*!50717 EXECUTE s */;
/*!50717 DEALLOCATE PREPARE s */;
/*!50717 SET @rocksdb_enable_bulk_load = IF (@rocksdb_is_supported, 'SET SESSION rocksdb_bulk_load = 1', 'SET @rocksdb_dummy_bulk_load = 0') */;
/*!50717 PREPARE s FROM @rocksdb_enable_bulk_load */;
/*!50717 EXECUTE s */;
/*!50717 DEALLOCATE PREPARE s */;

--
-- Table structure for table `Comment`
--

DROP TABLE IF EXISTS `Comment`;
/*!40101 SET @saved_cs_client     = @@character_set_client */;
/*!50503 SET character_set_client = utf8mb4 */;
CREATE TABLE `Comment` (
  `idComment` int NOT NULL AUTO_INCREMENT,
  `commentIdPost` int NOT NULL,
  `text` text NOT NULL,
  `images` text CHARACTER SET utf8mb4 COLLATE utf8mb4_0900_ai_ci,
  `likes` int DEFAULT '0',
  `createdAt` datetime DEFAULT CURRENT_TIMESTAMP,
  `createdByIdUser` int NOT NULL,
  PRIMARY KEY (`idComment`),
  KEY `commentIdPost` (`commentIdPost`),
  KEY `createdByIdUser` (`createdByIdUser`),
  CONSTRAINT `Comment_ibfk_1` FOREIGN KEY (`commentIdPost`) REFERENCES `Post` (`idPost`) ON DELETE CASCADE,
  CONSTRAINT `Comment_ibfk_2` FOREIGN KEY (`createdByIdUser`) REFERENCES `Users` (`idUser`) ON DELETE CASCADE
) ENGINE=InnoDB AUTO_INCREMENT=496 DEFAULT CHARSET=utf8mb4 COLLATE=utf8mb4_0900_ai_ci;
/*!40101 SET character_set_client = @saved_cs_client */;

--
-- Dumping data for table `Comment`
--

LOCK TABLES `Comment` WRITE;
/*!40000 ALTER TABLE `Comment` DISABLE KEYS */;
INSERT INTO `Comment` VALUES (9,180,'hello!',NULL,0,'2025-04-06 12:30:05',2),(10,180,'test1',NULL,0,'2025-04-06 12:30:08',2),(12,180,'hell',NULL,0,'2025-04-06 12:30:21',2),(18,190,'ура!!! сигма имба!',NULL,1,'2025-04-06 19:13:16',6),(19,193,'Говно хуй',NULL,1,'2025-04-06 19:39:32',31),(20,193,'хуй говно',NULL,0,'2025-04-06 19:40:15',2),(21,201,'ладно',NULL,1,'2025-04-06 20:02:17',26),(22,201,'да, я',NULL,1,'2025-04-06 20:02:55',4),(23,201,'❤️',NULL,1,'2025-04-06 20:03:10',14),(24,201,'Хуесос ты',NULL,1,'2025-04-06 20:03:25',1),(25,195,'я тоже люблю лизу кениг',NULL,0,'2025-04-06 20:04:38',2),(26,200,'как попасть к вам в клуб',NULL,0,'2025-04-06 20:04:50',2),(27,204,'думают как правильно сегодня любить лизу кениг',NULL,2,'2025-04-06 20:09:45',2),(28,204,'правильно думаешь',NULL,3,'2025-04-06 20:10:13',26),(29,206,'сын шлюхи',NULL,1,'2025-04-06 20:16:31',2),(30,206,'лицо знакомое.... познакомите?',NULL,0,'2025-04-06 20:33:51',2),(31,207,'Тест',NULL,0,'2025-04-06 21:06:32',1),(32,207,'Что?',NULL,0,'2025-04-06 22:14:40',2),(33,210,'И как продвигается?',NULL,1,'2025-04-07 07:53:34',1),(34,206,'Виктор Цой',NULL,1,'2025-04-07 08:32:31',41),(35,221,'наушники и зарядки на андроид и на айфон по 100 рублей',NULL,1,'2025-04-07 11:21:34',2),(36,222,'машинка для сбора данных',NULL,81,'2025-04-07 13:18:02',2),(37,222,'доебался а зачем',NULL,8,'2025-04-07 13:18:26',2),(38,208,'Когда будет клуб любителей очира?',NULL,2,'2025-04-07 13:22:24',2),(39,224,'че это за тема',NULL,0,'2025-04-07 13:27:47',46),(40,225,'привет я даун',NULL,0,'2025-04-07 14:25:22',44),(41,225,'привет я даун ; DROP TABLE Users',NULL,0,'2025-04-07 14:28:05',2),(42,225,'привет я даун тоже',NULL,0,'2025-04-07 14:29:47',2),(43,225,'что здесь происходит',NULL,0,'2025-04-07 14:32:03',2),(44,225,'что здесь происходит',NULL,0,'2025-04-07 14:32:59',2),(45,225,'что здесь происходит',NULL,0,'2025-04-07 14:33:27',2),(46,225,'что здесь происходит',NULL,0,'2025-04-07 14:34:03',2),(50,225,'wait',NULL,0,'2025-04-07 14:37:43',2),(57,1,'wait',NULL,0,'2025-04-07 14:43:17',2),(62,225,'Не дропнул бд',NULL,0,'2025-04-07 15:11:02',2),(63,231,'ебани водник',NULL,1,'2025-04-07 15:14:38',2),(64,218,'екатерина, ура!',NULL,3,'2025-04-07 15:23:36',6),(65,225,'АХАХАХАХАХАХАХАХХАХАХАХАХАХА',NULL,1,'2025-04-07 15:27:36',2),(66,225,'БЛЯДЬ ТЫ ДАУН ААХАХАХАХАХАХХАХААХАХАХАХА',NULL,0,'2025-04-07 15:27:45',2),(67,234,'медиана хуйня',NULL,1,'2025-04-07 16:40:09',2),(68,240,'урааа, первые пасты пошли',NULL,6,'2025-04-07 17:22:06',2),(69,234,'Ахахахахаза',NULL,0,'2025-04-07 17:22:48',31),(70,240,'Ну я захотел насрать. Если бы можно было в поле с почтой ввести произвольную строку, как и во все остальные (а я не знаю, я именно с почтой так не сделал, неиронично по-еблански сразу реальную ввёл), и если б с впн заходил сразу, может быть ещё хуже насрал бы.',NULL,3,'2025-04-07 17:25:53',2),(71,242,'100 лайков на этот комментарий выгрузите.',NULL,106,'2025-04-07 17:27:48',2),(72,245,'ползунок будет удалён нахуй',NULL,2,'2025-04-07 17:44:16',2),(73,244,'мы этого не ждали, но точно заслужили',NULL,4,'2025-04-07 17:45:21',2),(74,241,'пиздатые арты',NULL,1,'2025-04-07 17:46:42',2),(75,244,'Ахпхпхахахахх поржал',NULL,0,'2025-04-07 18:16:46',1),(76,250,'Ваще разрабы ахуевшие свиньи, ниче сделать не могут. (Буду тут сидеть, крутое приложение)',NULL,6,'2025-04-07 18:31:42',1),(77,249,'Ооооу',NULL,0,'2025-04-07 18:32:25',2),(78,248,'Заебись',NULL,0,'2025-04-07 18:32:40',2),(79,241,'Арты ахуенные',NULL,0,'2025-04-07 18:33:33',1),(80,251,'Сексуальный мужчина',NULL,0,'2025-04-07 18:42:12',2),(81,251,'Бляяя, хочу к нему в гарем',NULL,0,'2025-04-07 18:42:21',2),(82,251,'Чтоооооооо, бля, как же хочется ему отсосать',NULL,0,'2025-04-07 18:42:43',2),(83,251,'Трахац меня',NULL,0,'2025-04-07 18:43:30',2),(84,251,'я хочу оральный секс на крыше небоскрёба',NULL,0,'2025-04-07 18:44:47',2),(85,246,'Это кому?',NULL,1,'2025-04-07 19:37:35',2),(86,250,'Можно картинку в новой вкладке открывать и тогда будет полностью видно',NULL,0,'2025-04-07 19:38:24',2),(87,242,'друг, на телефоне всё листается, но если на пк в вебе не работает что-то, лучше пиши в тг под постом для багрепортов https://t.me/SigmaHideout',NULL,0,'2025-04-07 21:24:49',2),(88,253,'подписьки',NULL,0,'2025-04-07 22:43:53',2),(89,254,'Мужик, сделай клуб дискуссионный. Было бы круто тематические сборы устраивать',NULL,3,'2025-04-08 05:29:49',2),(90,254,'Не знаю, я довольно безыдейный на идеи поговорить о чем-нибудь.',NULL,1,'2025-04-08 05:37:55',2),(91,254,'Ну там готовиться можно же, а идею как раз в клубе можно выбирать общую за неделю или за две',NULL,0,'2025-04-08 05:47:06',2),(93,254,'Ну вообще, я думаю, что можно попробовать. Если себерётся хотя бы 5+ человек на первый раз. Было бы круто сидеть где-то в новом корпусе и, откинувшись на спинку стула, разговаривать о чём-то.',NULL,1,'2025-04-08 06:14:11',2),(94,246,'это паста',NULL,0,'2025-04-08 06:26:19',2),(95,257,'Ура, пасты.',NULL,4,'2025-04-08 06:38:12',2),(96,258,'Я инцел.',NULL,1,'2025-04-08 06:38:56',2),(97,258,'будь собой',NULL,1,'2025-04-08 07:10:29',2),(98,258,'гордись и распевай песни об этом',NULL,1,'2025-04-08 07:10:40',2),(99,259,'АБУ благославляет этот пост',NULL,9,'2025-04-08 07:11:49',2),(100,258,'что за хуйню вы пишите, блядь',NULL,1,'2025-04-08 07:20:06',2),(101,258,'Legendary💯💯🦅🦅🦅💯🦅🦅',NULL,0,'2025-04-08 07:53:08',1),(102,254,'Именно так и надо разговаривать о чемто. Еще в куполе в самом сделать разок можно',NULL,1,'2025-04-08 07:54:28',2),(103,254,'А туда разве пускают посидеть, а не только экскурсии с сопровождением? Не шарю, ни разу не поднимался.',NULL,1,'2025-04-08 07:56:53',2),(104,260,'соу тру',NULL,2,'2025-04-08 08:57:41',2),(105,260,'яндекс музыка контора пидорасов, раньше ещё можно было, блядь, скачанные песни загружать, а сейчас дизайн изменили и обрубили крестьянам такую роскошь, ну чё поделать, тяжело...',NULL,2,'2025-04-08 09:10:25',2),(106,260,'Яндекс музыка всегда была говном в плане дизайна мобилки, а вот рекомендации вроде хорошие, я с первого захода однажды налутал новых треков по вкусу.',NULL,2,'2025-04-08 09:37:42',2),(107,261,'напердел в хуй, переделывай',NULL,1,'2025-04-08 09:58:22',2),(108,262,'ну ты запостил сколько что сломались фотки',NULL,1,'2025-04-08 10:14:58',2),(109,262,'да не, фотки то и так сломаны, хуй знает, есть ли предел или нет',NULL,1,'2025-04-08 10:26:56',2),(110,263,'О привет! Приезжай сегодня',NULL,1,'2025-04-08 10:40:31',2),(111,263,'Глеб Артемчик, разлогинься.',NULL,6,'2025-04-08 10:44:54',2),(112,265,'тише тише (иди нахуй)',NULL,16,'2025-04-08 10:51:52',2),(113,266,'LEGENDA VERNULAS\'!!!!!',NULL,8,'2025-04-08 10:52:52',2),(114,266,'че за ноунейм?',NULL,5,'2025-04-08 10:53:18',2),(115,266,'пока ещё ноунейм, нам нужно больше людей в сигме',NULL,6,'2025-04-08 10:54:12',2),(116,263,'Давай встретимся в ботсаду под огромным деревом броколли в в полночь сегодня возьми защиту и хорошенько вымойся',NULL,3,'2025-04-08 10:56:36',2),(117,263,'Сап Двач',NULL,4,'2025-04-08 10:57:11',2),(118,268,'ну нормально так маленькая инди компания хорошегько поработало успеха им и процветания',NULL,7,'2025-04-08 10:58:13',2),(119,264,'Имя блок общага',NULL,1,'2025-04-08 11:02:05',2),(120,264,'авторки поста?',NULL,1,'2025-04-08 11:09:43',2),(121,254,'Хз, вроде можно договариваться',NULL,1,'2025-04-08 11:12:07',2),(122,264,'блять, ахахахаах, я думал это девушка на фото',NULL,3,'2025-04-08 11:12:12',2),(123,268,'че пиксельное лого',NULL,0,'2025-04-08 11:12:44',2),(124,263,'мур мур мур мур',NULL,2,'2025-04-08 11:12:49',2),(125,269,'Ооо, здарова, биг бой',NULL,0,'2025-04-08 11:19:11',1),(126,270,'ПРИВЕТ ВСЁ ХОРОШО ТЫ КАК',NULL,1,'2025-04-08 11:20:03',55),(127,269,'Привет друг',NULL,2,'2025-04-08 11:20:24',43),(128,270,'ВСЕ ХОРОШО filimonq РАДА ЧТО У ТЕБЯ ВСЕ ХОРОШО',NULL,1,'2025-04-08 11:21:18',47),(129,269,'СТАВЬТЕ ЛАЙКИ',NULL,2,'2025-04-08 11:23:23',55),(130,270,'Всем привет ребята, вы где учитесь?!',NULL,0,'2025-04-08 11:25:09',1),(131,269,'Filimonq ты знаешь что делать, чтобы лайков было больше)',NULL,0,'2025-04-08 11:26:13',1),(132,268,'строим лестницу в небо',NULL,0,'2025-04-08 11:26:24',2),(133,268,'Порезался, в норм резолюш выведи',NULL,0,'2025-04-08 11:27:31',2),(134,271,'Не обижайте Ильдара, он душка',NULL,1,'2025-04-08 11:31:20',2),(135,270,'vsem privet, ya zhivu v 5-oi obshchage, a vy??',NULL,1,'2025-04-08 11:36:07',2),(136,270,'Здарова, я живу в Кройдоне, а вы?',NULL,0,'2025-04-08 11:36:40',2),(137,270,'где это?',NULL,0,'2025-04-08 11:39:49',2),(138,273,'три два раз',NULL,0,'2025-04-08 11:42:49',2),(139,271,'так называемый душнила ебаная',NULL,0,'2025-04-08 11:45:39',2),(140,275,'чьё там ебло в кружочке?',NULL,0,'2025-04-08 11:48:40',2),(141,275,'Егор Капов.',NULL,0,'2025-04-08 11:50:40',2),(142,270,'привет ЧЕБАмяу вот увидела твой пост и сразу стало хорошо !!',NULL,1,'2025-04-08 12:10:32',26),(143,269,'зафиксировала.',NULL,0,'2025-04-08 12:11:12',26),(144,275,'где',NULL,0,'2025-04-08 12:14:47',54),(145,270,'alaska как будто в сунц вернулась да',NULL,0,'2025-04-08 12:20:53',47),(146,542,'Го',NULL,0,'2025-04-08 13:05:24',1),(147,542,'Ты сука',NULL,1,'2025-04-08 13:19:26',31),(148,542,'да .',NULL,1,'2025-04-08 13:19:57',26),(149,545,'тоже хочется с ними картишки раскинуть',NULL,7,'2025-04-08 13:34:00',54),(150,541,'Схуяль это недочет? Чел по запросам к апи заебашил автономного клиента . Такое же делают и для тг и для ВК просто те платформы банят своих пользователей',NULL,0,'2025-04-08 13:37:07',2),(151,541,'Мне кажется, что \"свобода и отсутствие цензуры\" всё-таки не предполагают причинения вреда платформе и неудобства другим юзерам.',NULL,0,'2025-04-08 13:40:12',2),(152,541,'не, мы ему нахуй крылышки попереломаем',NULL,0,'2025-04-08 14:01:45',4),(153,542,'го',NULL,0,'2025-04-08 14:44:20',47),(154,547,'ебать, уже печатное издание появилось, ахахахахахха',NULL,0,'2025-04-08 15:44:55',2),(155,550,'нет.',NULL,1,'2025-04-08 15:55:58',54),(156,549,'Я люблю тебя',NULL,1,'2025-04-08 16:19:08',31),(157,550,'К батарее прикуешь?',NULL,0,'2025-04-08 16:31:28',1),(158,546,'О да',NULL,0,'2025-04-08 16:32:38',2),(159,550,'к мамке очира',NULL,0,'2025-04-08 17:09:11',2),(160,550,'чзх кто шарит за приковать к батерее?',NULL,0,'2025-04-08 17:25:20',54),(161,554,'Хорош',NULL,8,'2025-04-08 17:48:16',31),(162,560,'а, ну да, блядь, впринципе, чинить это и не будем',NULL,0,'2025-04-08 18:35:25',2),(163,558,'Ребята не стоит вскрывать эту тему. Вы пока что живые, шутливые, вам все легко. Это не то. Это не мясосибирский разрез и даже не архивы Озверелых. Сюда лучше не лезть. Серьезно, любой из вас будет жалеть. Лучше закройте тему и забудьте что тут писалось. Я вполне понимаю что данным сообщением вызову дополнительный интерес, но хочу сразу предостеречь пытливых - стоп. Остальных просто не найдут.',NULL,10,'2025-04-08 18:35:48',2),(164,569,'ты охуел блядь???',NULL,0,'2025-04-08 19:08:28',2),(165,569,'долбаёб мы тебя забаним',NULL,0,'2025-04-08 19:08:56',4),(166,569,'кого меня то?',NULL,6,'2025-04-08 19:09:30',54),(167,569,'да',NULL,0,'2025-04-08 19:20:34',4),(168,569,'за что?',NULL,1,'2025-04-08 19:45:08',54),(170,569,'Рил за что его банить то?',NULL,1,'2025-04-09 06:05:47',1),(171,569,'вот вот',NULL,0,'2025-04-09 08:59:30',54),(172,578,'@bstrd512411',NULL,0,'2025-04-09 09:05:28',2),(173,578,'@ryasuke',NULL,0,'2025-04-09 09:42:08',2),(174,558,'Ахахахахахахахпхахах',NULL,0,'2025-04-09 12:34:11',2),(175,582,'параша была парой постов ранее',NULL,2,'2025-04-09 13:10:00',54),(176,582,'Какой нах телеги',NULL,0,'2025-04-09 13:47:36',1),(177,582,'Все машинами уже пользуются еблан',NULL,0,'2025-04-09 13:47:44',1),(178,587,'Очир мегакаратист',NULL,0,'2025-04-09 13:48:58',2),(179,587,'Как раз глазки то узкие',NULL,0,'2025-04-09 13:49:15',2),(180,589,'Мммм',NULL,0,'2025-04-09 13:53:15',1),(181,589,'От меня в 4 часа дня уже пахнет вечерним сексом',NULL,0,'2025-04-09 13:53:33',1),(182,590,'Скоро появится не переживай) еще не все знают о платформе',NULL,3,'2025-04-09 13:59:53',2),(183,593,'кушаю борщ с капусткой так вкусно',NULL,0,'2025-04-09 14:44:51',2),(184,594,'но чёто мне сегодня как то грустно',NULL,2,'2025-04-09 14:45:02',2),(185,596,'ооо, найс пфп',NULL,0,'2025-04-09 14:46:35',4),(186,590,'Мои пасты не были криками души, алё.',NULL,0,'2025-04-09 16:12:58',2),(187,582,'долбаёб, я про пост ниже',NULL,0,'2025-04-09 18:30:19',2),(188,601,'йооооу',NULL,1,'2025-04-09 18:42:39',8),(189,578,'Надеюсь это потный мужик написал. Я люблю потных мужиков.',NULL,0,'2025-04-09 18:51:35',41),(190,601,'вы встр?',NULL,1,'2025-04-09 19:30:35',54),(191,601,'они негры?',NULL,0,'2025-04-09 19:41:57',2),(192,602,'Я ещё не отказался',NULL,0,'2025-04-09 20:10:21',31),(193,606,'Ты пришел в норму бро',NULL,0,'2025-04-10 04:15:06',2),(194,605,'Фурри...в...подгузниках....порнушечка....мне такое...всегда...снится....я...просыпаюсь....весь...в..сперме...иду...на....лекцию...дгу...додрачиваю......',NULL,3,'2025-04-10 06:56:25',2),(195,613,'развод на лайки ставь лайк если согласен',NULL,4,'2025-04-10 11:01:05',2),(196,612,'это очень круто, какие сорта предпочитаете',NULL,2,'2025-04-10 11:06:57',2),(197,614,'ты гей',NULL,0,'2025-04-10 11:18:32',2),(198,614,'иииии',NULL,0,'2025-04-10 11:18:59',2),(199,616,'test',NULL,0,'2025-04-10 11:31:30',43),(200,616,'test',NULL,0,'2025-04-10 11:36:25',1),(201,616,'test',NULL,0,'2025-04-10 11:36:33',1),(202,612,'а че там сорта есть миндального молока?',NULL,4,'2025-04-10 12:39:52',6),(203,611,'+++',NULL,0,'2025-04-10 13:05:06',2),(204,616,'semen',NULL,0,'2025-04-10 13:17:12',54),(205,602,'очир хубанов.',NULL,0,'2025-04-10 13:28:30',8),(206,616,'ебанёшься...',NULL,0,'2025-04-10 14:11:22',2),(207,612,'ахахахахахха, сорта бляяя',NULL,1,'2025-04-10 14:12:04',2),(208,616,'Дай чокопай',NULL,0,'2025-04-10 14:24:16',31),(209,616,'приходи',NULL,1,'2025-04-10 14:59:08',8),(210,616,'дай курицы три брикета',NULL,0,'2025-04-10 15:20:13',1),(211,616,'ничего себе',NULL,1,'2025-04-10 15:38:55',8),(212,612,'че опять не так',NULL,1,'2025-04-10 15:40:11',6),(213,618,'Имбаа',NULL,4,'2025-04-10 16:12:50',43),(214,618,'+200 социального рейтинга, миска рис, кошкожена',NULL,2,'2025-04-10 16:14:42',1),(215,616,'я думал ты приходи напишешь',NULL,0,'2025-04-10 16:16:00',1),(216,612,'хз хз хз',NULL,0,'2025-04-10 16:17:24',2),(217,618,'молодец!!',NULL,1,'2025-04-10 16:29:53',2),(218,618,'молодец!!',NULL,1,'2025-04-10 16:29:53',2),(219,618,'хуй хуй хуй',NULL,0,'2025-04-10 16:30:10',2),(220,618,'кристина заебись',NULL,10,'2025-04-10 16:30:32',1),(221,618,'test',NULL,0,'2025-04-10 16:34:51',2),(222,616,'приходи',NULL,0,'2025-04-10 16:48:08',8),(223,617,'чё это за хуйня',NULL,0,'2025-04-10 16:52:17',2),(224,619,'приду с битой',NULL,4,'2025-04-10 16:53:36',2),(225,619,'лучше с сигаретой',NULL,1,'2025-04-10 16:54:56',8),(226,619,'сигареты не курим, спортсмены',NULL,3,'2025-04-10 16:55:52',2),(227,619,'тогда не приходите',NULL,0,'2025-04-10 16:57:34',8),(228,620,'йоу?????',NULL,2,'2025-04-10 17:00:52',8),(229,621,'бля, фотка обрезалась',NULL,6,'2025-04-10 17:01:55',63),(230,621,'да, это завтра повисим, не ссы',NULL,2,'2025-04-10 17:02:21',1),(231,621,'*пофиксим',NULL,0,'2025-04-10 17:02:35',1),(232,622,'Не знаю я не в комнате',NULL,0,'2025-04-10 17:07:35',43),(233,622,'Как жизнь у тебя?',NULL,3,'2025-04-10 17:09:12',43),(234,622,'У меня заебись',NULL,1,'2025-04-10 17:09:24',1),(235,622,'У тя?',NULL,2,'2025-04-10 17:09:30',1),(236,622,'Да тоже норм скучно дома',NULL,12,'2025-04-10 17:09:38',43),(237,622,'Так пошли куда нибудь епт',NULL,5,'2025-04-10 17:09:58',1),(238,622,'Так пошли куда нибудь епт',NULL,1,'2025-04-10 17:09:59',1),(239,622,'Так пошли куда нибудь епт',NULL,2,'2025-04-10 17:09:59',1),(240,622,'Так пошли куда нибудь епт',NULL,2,'2025-04-10 17:09:59',1),(241,622,'Так пошли куда нибудь епт',NULL,5,'2025-04-10 17:09:59',1),(242,622,'Ну нахуц что ли?',NULL,2,'2025-04-10 17:10:01',43),(243,622,'пошлите',NULL,1,'2025-04-10 17:10:30',8),(244,622,'Ща надо убраться',NULL,0,'2025-04-10 17:10:48',43),(245,622,'Аху',NULL,0,'2025-04-10 17:34:53',31),(246,622,'Аху',NULL,0,'2025-04-10 17:34:53',31),(247,621,'Привет, брат!!',NULL,7,'2025-04-10 17:36:59',31),(248,618,'Имба',NULL,0,'2025-04-10 17:39:30',39),(249,616,'Ничёсе, это на неделю?',NULL,0,'2025-04-10 17:40:31',39),(250,625,'так, блять',NULL,1,'2025-04-10 17:40:42',2),(251,625,'так, блять',NULL,13,'2025-04-10 17:40:42',2),(252,625,'так, блять',NULL,4,'2025-04-10 17:40:42',2),(253,625,'так, блять',NULL,1,'2025-04-10 17:40:42',2),(254,625,'так, блять',NULL,2,'2025-04-10 17:40:42',2),(255,625,'так, блять',NULL,2,'2025-04-10 17:40:43',2),(256,625,'так, блять',NULL,0,'2025-04-10 17:40:43',2),(257,625,'так, блять',NULL,0,'2025-04-10 17:40:43',2),(258,625,'так, блять',NULL,0,'2025-04-10 17:40:43',2),(259,625,'так, блять',NULL,0,'2025-04-10 17:40:43',2),(260,625,'ебать мой рот, какая же залупа',NULL,0,'2025-04-10 17:40:55',2),(261,625,'ебать мой рот, какая же залупа',NULL,0,'2025-04-10 17:40:55',2),(262,625,'ебать мой рот, какая же залупа',NULL,0,'2025-04-10 17:40:56',2),(263,625,'ебать мой рот, какая же залупа',NULL,9,'2025-04-10 17:40:56',2),(264,625,'ебать мой рот, какая же залупа',NULL,14,'2025-04-10 17:40:57',2),(265,625,'раз раз',NULL,0,'2025-04-10 17:41:19',2),(266,625,'раз раз',NULL,0,'2025-04-10 17:41:20',2),(267,625,'раз раз',NULL,0,'2025-04-10 17:41:20',2),(268,625,'раз раз',NULL,0,'2025-04-10 17:41:20',2),(269,625,'раз раз',NULL,0,'2025-04-10 17:41:20',2),(270,625,'раз раз',NULL,0,'2025-04-10 17:41:20',2),(271,625,'раз раз',NULL,0,'2025-04-10 17:41:20',2),(272,625,'раз раз',NULL,0,'2025-04-10 17:41:21',2),(273,625,'раз раз',NULL,0,'2025-04-10 17:41:21',2),(274,625,'раз раз',NULL,0,'2025-04-10 17:41:21',2),(275,625,'раз раз',NULL,0,'2025-04-10 17:41:21',2),(276,625,'раз раз',NULL,0,'2025-04-10 17:41:22',2),(277,625,'раз раз',NULL,0,'2025-04-10 17:41:23',2),(278,625,'раз раз',NULL,0,'2025-04-10 17:41:23',2),(279,625,'раз раз',NULL,0,'2025-04-10 17:41:24',2),(280,625,'раз раз',NULL,0,'2025-04-10 17:41:29',2),(281,625,'раз раз',NULL,0,'2025-04-10 17:41:30',2),(282,625,'раз раз',NULL,0,'2025-04-10 17:41:30',2),(283,625,'раз раз',NULL,0,'2025-04-10 17:41:30',2),(284,625,'В ВАШЕМ ТЕЛЕФОНЕ📱📲📲📲ЖУКИ ‼️🪲‼️🪲🪲🚫СРОЧНО‼️УДАЛИТЕ🚫📲📲ВАЦАП🚫В ВАШЕМ ТЕЛЕФОНЕ📱📲📲📲ЖУКИ ‼️🪲‼️🪲🪲🚫СРОЧНО‼️УДАЛИТЕ🚫📲📲ВАЦАП🚫В ВАШЕМ ТЕЛЕФОНЕ📱📲📲📲ЖУКИ ‼️🪲‼️🪲🪲🚫СРОЧНО‼️УДАЛИТЕ🚫📲📲ВАЦАП🚫В ВАШЕМ ТЕЛЕФОНЕ📱📲📲📲ЖУКИ ‼️🪲‼️🪲🪲🚫СРОЧНО‼️УДАЛИТЕ🚫📲📲ВАЦАП🚫В ВАШЕМ ТЕЛЕФОНЕ📱📲📲📲ЖУКИ ‼️🪲‼️🪲🪲🚫СРОЧНО‼️УДАЛИТЕ🚫📲📲ВАЦАП🚫В ВАШЕМ ТЕЛЕФОНЕ📱📲📲📲ЖУКИ ‼️🪲‼️🪲🪲🚫СРОЧНО‼️УДАЛИТЕ🚫📲📲ВАЦАП🚫',NULL,0,'2025-04-10 17:42:32',2),(285,625,'В ВАШЕМ ТЕЛЕФОНЕ📱📲📲📲ЖУКИ ‼️🪲‼️🪲🪲🚫СРОЧНО‼️УДАЛИТЕ🚫📲📲ВАЦАП🚫В ВАШЕМ ТЕЛЕФОНЕ📱📲📲📲ЖУКИ ‼️🪲‼️🪲🪲🚫СРОЧНО‼️УДАЛИТЕ🚫📲📲ВАЦАП🚫В ВАШЕМ ТЕЛЕФОНЕ📱📲📲📲ЖУКИ ‼️🪲‼️🪲🪲🚫СРОЧНО‼️УДАЛИТЕ🚫📲📲ВАЦАП🚫В ВАШЕМ ТЕЛЕФОНЕ📱📲📲📲ЖУКИ ‼️🪲‼️🪲🪲🚫СРОЧНО‼️УДАЛИТЕ🚫📲📲ВАЦАП🚫В ВАШЕМ ТЕЛЕФОНЕ📱📲📲📲ЖУКИ ‼️🪲‼️🪲🪲🚫СРОЧНО‼️УДАЛИТЕ🚫📲📲ВАЦАП🚫В ВАШЕМ ТЕЛЕФОНЕ📱📲📲📲ЖУКИ ‼️🪲‼️🪲🪲🚫СРОЧНО‼️УДАЛИТЕ🚫📲📲ВАЦАП🚫',NULL,0,'2025-04-10 17:42:41',2),(286,625,'В ВАШЕМ ТЕЛЕФОНЕ📱📲📲📲ЖУКИ ‼️🪲‼️🪲🪲🚫СРОЧНО‼️УДАЛИТЕ🚫📲📲ВАЦАП🚫В ВАШЕМ ТЕЛЕФОНЕ📱📲📲📲ЖУКИ ‼️🪲‼️🪲🪲🚫СРОЧНО‼️УДАЛИТЕ🚫📲📲ВАЦАП🚫В ВАШЕМ ТЕЛЕФОНЕ📱📲📲📲ЖУКИ ‼️🪲‼️🪲🪲🚫СРОЧНО‼️УДАЛИТЕ🚫📲📲ВАЦАП🚫В ВАШЕМ ТЕЛЕФОНЕ📱📲📲📲ЖУКИ ‼️🪲‼️🪲🪲🚫СРОЧНО‼️УДАЛИТЕ🚫📲📲ВАЦАП🚫В ВАШЕМ ТЕЛЕФОНЕ📱📲📲📲ЖУКИ ‼️🪲‼️🪲🪲🚫СРОЧНО‼️УДАЛИТЕ🚫📲📲ВАЦАП🚫В ВАШЕМ ТЕЛЕФОНЕ📱📲📲📲ЖУКИ ‼️🪲‼️🪲🪲🚫СРОЧНО‼️УДАЛИТЕ🚫📲📲ВАЦАП🚫',NULL,0,'2025-04-10 17:42:43',2),(287,625,'В ВАШЕМ ТЕЛЕФОНЕ📱📲📲📲ЖУКИ ‼️🪲‼️🪲🪲🚫СРОЧНО‼️УДАЛИТЕ🚫📲📲ВАЦАП🚫В ВАШЕМ ТЕЛЕФОНЕ📱📲📲📲ЖУКИ ‼️🪲‼️🪲🪲🚫СРОЧНО‼️УДАЛИТЕ🚫📲📲ВАЦАП🚫В ВАШЕМ ТЕЛЕФОНЕ📱📲📲📲ЖУКИ ‼️🪲‼️🪲🪲🚫СРОЧНО‼️УДАЛИТЕ🚫📲📲ВАЦАП🚫В ВАШЕМ ТЕЛЕФОНЕ📱📲📲📲ЖУКИ ‼️🪲‼️🪲🪲🚫СРОЧНО‼️УДАЛИТЕ🚫📲📲ВАЦАП🚫В ВАШЕМ ТЕЛЕФОНЕ📱📲📲📲ЖУКИ ‼️🪲‼️🪲🪲🚫СРОЧНО‼️УДАЛИТЕ🚫📲📲ВАЦАП🚫В ВАШЕМ ТЕЛЕФОНЕ📱📲📲📲ЖУКИ ‼️🪲‼️🪲🪲🚫СРОЧНО‼️УДАЛИТЕ🚫📲📲ВАЦАП🚫В ВАШЕМ ТЕЛЕФОНЕ📱📲📲📲ЖУКИ ‼️🪲‼️🪲🪲🚫СРОЧНО‼️УДАЛИТЕ🚫📲📲ВАЦАП🚫В ВАШЕМ ТЕЛЕФОНЕ📱📲📲📲ЖУКИ ‼️🪲‼️🪲🪲🚫СРОЧНО‼️УДАЛИТЕ🚫📲📲ВАЦАП🚫В ВАШЕМ ТЕЛЕФОНЕ📱📲📲📲ЖУКИ ‼️🪲‼️🪲🪲🚫СРОЧНО‼️УДАЛИТЕ🚫📲📲ВАЦАП🚫В ВАШЕМ ТЕЛЕФОНЕ📱📲📲📲ЖУКИ ‼️🪲‼️🪲🪲🚫СРОЧНО‼️УДАЛИТЕ🚫📲📲ВАЦАП🚫В ВАШЕМ ТЕЛЕФОНЕ📱📲📲📲ЖУКИ ‼️🪲‼️🪲🪲🚫СРОЧНО‼️УДАЛИТЕ🚫📲📲ВАЦАП🚫В ВАШЕМ ТЕЛЕФОНЕ📱📲📲📲ЖУКИ ‼️🪲‼️🪲🪲🚫СРОЧНО‼️УДАЛИТЕ🚫📲📲ВАЦАП🚫В ВАШЕМ ТЕЛЕФОНЕ📱📲📲📲ЖУКИ ‼️🪲‼️🪲🪲🚫СРОЧНО‼️УДАЛИТЕ🚫📲📲ВАЦАП🚫В ВАШЕМ ТЕЛЕФОНЕ📱📲📲📲ЖУКИ ‼️🪲‼️🪲🪲🚫СРОЧНО‼️УДАЛИТЕ🚫📲📲ВАЦАП🚫В ВАШЕМ ТЕЛЕФОНЕ📱📲📲📲ЖУКИ ‼️🪲‼️🪲🪲🚫СРОЧНО‼️УДАЛИТЕ🚫📲📲ВАЦАП🚫В ВАШЕМ ТЕЛЕФОНЕ📱📲📲📲ЖУКИ ‼️🪲‼️🪲🪲🚫СРОЧНО‼️УДАЛИТЕ🚫📲📲ВАЦАП🚫В ВАШЕМ ТЕЛЕФОНЕ📱📲📲📲ЖУКИ ‼️🪲‼️🪲🪲🚫СРОЧНО‼️УДАЛИТЕ🚫📲📲ВАЦАП🚫В ВАШЕМ ТЕЛЕФОНЕ📱📲📲📲ЖУКИ ‼️🪲‼️🪲🪲🚫СРОЧНО‼️УДАЛИТЕ🚫📲📲ВАЦАП🚫В ВАШЕМ ТЕЛЕФОНЕ📱📲📲📲ЖУКИ ‼️🪲‼️🪲🪲🚫СРОЧНО‼️УДАЛИТЕ🚫📲📲ВАЦАП🚫В ВАШЕМ ТЕЛЕФОНЕ📱📲📲📲ЖУКИ ‼️🪲‼️🪲🪲🚫СРОЧНО‼️УДАЛИТЕ🚫📲📲ВАЦАП🚫В ВАШЕМ ТЕЛЕФОНЕ📱📲📲📲ЖУКИ ‼️🪲‼️🪲🪲🚫СРОЧНО‼️УДАЛИТЕ🚫📲📲ВАЦАП🚫',NULL,0,'2025-04-10 17:42:53',2),(288,625,'В ВАШЕМ ТЕЛЕФОНЕ📱📲📲📲ЖУКИ ‼️🪲‼️🪲🪲🚫СРОЧНО‼️УДАЛИТЕ🚫📲📲ВАЦАП🚫В ВАШЕМ ТЕЛЕФОНЕ📱📲📲📲ЖУКИ ‼️🪲‼️🪲🪲🚫СРОЧНО‼️УДАЛИТЕ🚫📲📲ВАЦАП🚫В ВАШЕМ ТЕЛЕФОНЕ📱📲📲📲ЖУКИ ‼️🪲‼️🪲🪲🚫СРОЧНО‼️УДАЛИТЕ🚫📲📲ВАЦАП🚫В ВАШЕМ ТЕЛЕФОНЕ📱📲📲📲ЖУКИ ‼️🪲‼️🪲🪲🚫СРОЧНО‼️УДАЛИТЕ🚫📲📲ВАЦАП🚫В ВАШЕМ ТЕЛЕФОНЕ📱📲📲📲ЖУКИ ‼️🪲‼️🪲🪲🚫СРОЧНО‼️УДАЛИТЕ🚫📲📲ВАЦАП🚫В ВАШЕМ ТЕЛЕФОНЕ📱📲📲📲ЖУКИ ‼️🪲‼️🪲🪲🚫СРОЧНО‼️УДАЛИТЕ🚫📲📲ВАЦАП🚫В ВАШЕМ ТЕЛЕФОНЕ📱📲📲📲ЖУКИ ‼️🪲‼️🪲🪲🚫СРОЧНО‼️УДАЛИТЕ🚫📲📲ВАЦАП🚫В ВАШЕМ ТЕЛЕФОНЕ📱📲📲📲ЖУКИ ‼️🪲‼️🪲🪲🚫СРОЧНО‼️УДАЛИТЕ🚫📲📲ВАЦАП🚫В ВАШЕМ ТЕЛЕФОНЕ📱📲📲📲ЖУКИ ‼️🪲‼️🪲🪲🚫СРОЧНО‼️УДАЛИТЕ🚫📲📲ВАЦАП🚫В ВАШЕМ ТЕЛЕФОНЕ📱📲📲📲ЖУКИ ‼️🪲‼️🪲🪲🚫СРОЧНО‼️УДАЛИТЕ🚫📲📲ВАЦАП🚫В ВАШЕМ ТЕЛЕФОНЕ📱📲📲📲ЖУКИ ‼️🪲‼️🪲🪲🚫СРОЧНО‼️УДАЛИТЕ🚫📲📲ВАЦАП🚫В ВАШЕМ ТЕЛЕФОНЕ📱📲📲📲ЖУКИ ‼️🪲‼️🪲🪲🚫СРОЧНО‼️УДАЛИТЕ🚫📲📲ВАЦАП🚫В ВАШЕМ ТЕЛЕФОНЕ📱📲📲📲ЖУКИ ‼️🪲‼️🪲🪲🚫СРОЧНО‼️УДАЛИТЕ🚫📲📲ВАЦАП🚫В ВАШЕМ ТЕЛЕФОНЕ📱📲📲📲ЖУКИ ‼️🪲‼️🪲🪲🚫СРОЧНО‼️УДАЛИТЕ🚫📲📲ВАЦАП🚫В ВАШЕМ ТЕЛЕФОНЕ📱📲📲📲ЖУКИ ‼️🪲‼️🪲🪲🚫СРОЧНО‼️УДАЛИТЕ🚫📲📲ВАЦАП🚫В ВАШЕМ ТЕЛЕФОНЕ📱📲📲📲ЖУКИ ‼️🪲‼️🪲🪲🚫СРОЧНО‼️УДАЛИТЕ🚫📲📲ВАЦАП🚫В ВАШЕМ ТЕЛЕФОНЕ📱📲📲📲ЖУКИ ‼️🪲‼️🪲🪲🚫СРОЧНО‼️УДАЛИТЕ🚫📲📲ВАЦАП🚫В ВАШЕМ ТЕЛЕФОНЕ📱📲📲📲ЖУКИ ‼️🪲‼️🪲🪲🚫СРОЧНО‼️УДАЛИТЕ🚫📲📲ВАЦАП🚫В ВАШЕМ ТЕЛЕФОНЕ📱📲📲📲ЖУКИ ‼️🪲‼️🪲🪲🚫СРОЧНО‼️УДАЛИТЕ🚫📲📲ВАЦАП🚫В ВАШЕМ ТЕЛЕФОНЕ📱📲📲📲ЖУКИ ‼️🪲‼️🪲🪲🚫СРОЧНО‼️УДАЛИТЕ🚫📲📲ВАЦАП🚫В ВАШЕМ ТЕЛЕФОНЕ📱📲📲📲ЖУКИ ‼️🪲‼️🪲🪲🚫СРОЧНО‼️УДАЛИТЕ🚫📲📲ВАЦАП🚫',NULL,0,'2025-04-10 17:42:55',2),(289,625,'В ВАШЕМ ТЕЛЕФОНЕ📱📲📲📲ЖУКИ ‼️🪲‼️🪲🪲🚫СРОЧНО‼️УДАЛИТЕ🚫📲📲ВАЦАП🚫В ВАШЕМ ТЕЛЕФОНЕ📱📲📲📲ЖУКИ ‼️🪲‼️🪲🪲🚫СРОЧНО‼️УДАЛИТЕ🚫📲📲ВАЦАП🚫В ВАШЕМ ТЕЛЕФОНЕ📱📲📲📲ЖУКИ ‼️🪲‼️🪲🪲🚫СРОЧНО‼️УДАЛИТЕ🚫📲📲ВАЦАП🚫В ВАШЕМ ТЕЛЕФОНЕ📱📲📲📲ЖУКИ ‼️🪲‼️🪲🪲🚫СРОЧНО‼️УДАЛИТЕ🚫📲📲ВАЦАП🚫В ВАШЕМ ТЕЛЕФОНЕ📱📲📲📲ЖУКИ ‼️🪲‼️🪲🪲🚫СРОЧНО‼️УДАЛИТЕ🚫📲📲ВАЦАП🚫В ВАШЕМ ТЕЛЕФОНЕ📱📲📲📲ЖУКИ ‼️🪲‼️🪲🪲🚫СРОЧНО‼️УДАЛИТЕ🚫📲📲ВАЦАП🚫В ВАШЕМ ТЕЛЕФОНЕ📱📲📲📲ЖУКИ ‼️🪲‼️🪲🪲🚫СРОЧНО‼️УДАЛИТЕ🚫📲📲ВАЦАП🚫В ВАШЕМ ТЕЛЕФОНЕ📱📲📲📲ЖУКИ ‼️🪲‼️🪲🪲🚫СРОЧНО‼️УДАЛИТЕ🚫📲📲ВАЦАП🚫В ВАШЕМ ТЕЛЕФОНЕ📱📲📲📲ЖУКИ ‼️🪲‼️🪲🪲🚫СРОЧНО‼️УДАЛИТЕ🚫📲📲ВАЦАП🚫В ВАШЕМ ТЕЛЕФОНЕ📱📲📲📲ЖУКИ ‼️🪲‼️🪲🪲🚫СРОЧНО‼️УДАЛИТЕ🚫📲📲ВАЦАП🚫В ВАШЕМ ТЕЛЕФОНЕ📱📲📲📲ЖУКИ ‼️🪲‼️🪲🪲🚫СРОЧНО‼️УДАЛИТЕ🚫📲📲ВАЦАП🚫В ВАШЕМ ТЕЛЕФОНЕ📱📲📲📲ЖУКИ ‼️🪲‼️🪲🪲🚫СРОЧНО‼️УДАЛИТЕ🚫📲📲ВАЦАП🚫В ВАШЕМ ТЕЛЕФОНЕ📱📲📲📲ЖУКИ ‼️🪲‼️🪲🪲🚫СРОЧНО‼️УДАЛИТЕ🚫📲📲ВАЦАП🚫В ВАШЕМ ТЕЛЕФОНЕ📱📲📲📲ЖУКИ ‼️🪲‼️🪲🪲🚫СРОЧНО‼️УДАЛИТЕ🚫📲📲ВАЦАП🚫В ВАШЕМ ТЕЛЕФОНЕ📱📲📲📲ЖУКИ ‼️🪲‼️🪲🪲🚫СРОЧНО‼️УДАЛИТЕ🚫📲📲ВАЦАП🚫В ВАШЕМ ТЕЛЕФОНЕ📱📲📲📲ЖУКИ ‼️🪲‼️🪲🪲🚫СРОЧНО‼️УДАЛИТЕ🚫📲📲ВАЦАП🚫В ВАШЕМ ТЕЛЕФОНЕ📱📲📲📲ЖУКИ ‼️🪲‼️🪲🪲🚫СРОЧНО‼️УДАЛИТЕ🚫📲📲ВАЦАП🚫В ВАШЕМ ТЕЛЕФОНЕ📱📲📲📲ЖУКИ ‼️🪲‼️🪲🪲🚫СРОЧНО‼️УДАЛИТЕ🚫📲📲ВАЦАП🚫В ВАШЕМ ТЕЛЕФОНЕ📱📲📲📲ЖУКИ ‼️🪲‼️🪲🪲🚫СРОЧНО‼️УДАЛИТЕ🚫📲📲ВАЦАП🚫В ВАШЕМ ТЕЛЕФОНЕ📱📲📲📲ЖУКИ ‼️🪲‼️🪲🪲🚫СРОЧНО‼️УДАЛИТЕ🚫📲📲ВАЦАП🚫В ВАШЕМ ТЕЛЕФОНЕ📱📲📲📲ЖУКИ ‼️🪲‼️🪲🪲🚫СРОЧНО‼️УДАЛИТЕ🚫📲📲ВАЦАП🚫',NULL,0,'2025-04-10 17:42:55',2),(290,625,'В ВАШЕМ ТЕЛЕФОНЕ📱📲📲📲ЖУКИ ‼️🪲‼️🪲🪲🚫СРОЧНО‼️УДАЛИТЕ🚫📲📲ВАЦАП🚫В ВАШЕМ ТЕЛЕФОНЕ📱📲📲📲ЖУКИ ‼️🪲‼️🪲🪲🚫СРОЧНО‼️УДАЛИТЕ🚫📲📲ВАЦАП🚫В ВАШЕМ ТЕЛЕФОНЕ📱📲📲📲ЖУКИ ‼️🪲‼️🪲🪲🚫СРОЧНО‼️УДАЛИТЕ🚫📲📲ВАЦАП🚫В ВАШЕМ ТЕЛЕФОНЕ📱📲📲📲ЖУКИ ‼️🪲‼️🪲🪲🚫СРОЧНО‼️УДАЛИТЕ🚫📲📲ВАЦАП🚫В ВАШЕМ ТЕЛЕФОНЕ📱📲📲📲ЖУКИ ‼️🪲‼️🪲🪲🚫СРОЧНО‼️УДАЛИТЕ🚫📲📲ВАЦАП🚫В ВАШЕМ ТЕЛЕФОНЕ📱📲📲📲ЖУКИ ‼️🪲‼️🪲🪲🚫СРОЧНО‼️УДАЛИТЕ🚫📲📲ВАЦАП🚫В ВАШЕМ ТЕЛЕФОНЕ📱📲📲📲ЖУКИ ‼️🪲‼️🪲🪲🚫СРОЧНО‼️УДАЛИТЕ🚫📲📲ВАЦАП🚫В ВАШЕМ ТЕЛЕФОНЕ📱📲📲📲ЖУКИ ‼️🪲‼️🪲🪲🚫СРОЧНО‼️УДАЛИТЕ🚫📲📲ВАЦАП🚫В ВАШЕМ ТЕЛЕФОНЕ📱📲📲📲ЖУКИ ‼️🪲‼️🪲🪲🚫СРОЧНО‼️УДАЛИТЕ🚫📲📲ВАЦАП🚫В ВАШЕМ ТЕЛЕФОНЕ📱📲📲📲ЖУКИ ‼️🪲‼️🪲🪲🚫СРОЧНО‼️УДАЛИТЕ🚫📲📲ВАЦАП🚫В ВАШЕМ ТЕЛЕФОНЕ📱📲📲📲ЖУКИ ‼️🪲‼️🪲🪲🚫СРОЧНО‼️УДАЛИТЕ🚫📲📲ВАЦАП🚫В ВАШЕМ ТЕЛЕФОНЕ📱📲📲📲ЖУКИ ‼️🪲‼️🪲🪲🚫СРОЧНО‼️УДАЛИТЕ🚫📲📲ВАЦАП🚫В ВАШЕМ ТЕЛЕФОНЕ📱📲📲📲ЖУКИ ‼️🪲‼️🪲🪲🚫СРОЧНО‼️УДАЛИТЕ🚫📲📲ВАЦАП🚫В ВАШЕМ ТЕЛЕФОНЕ📱📲📲📲ЖУКИ ‼️🪲‼️🪲🪲🚫СРОЧНО‼️УДАЛИТЕ🚫📲📲ВАЦАП🚫В ВАШЕМ ТЕЛЕФОНЕ📱📲📲📲ЖУКИ ‼️🪲‼️🪲🪲🚫СРОЧНО‼️УДАЛИТЕ🚫📲📲ВАЦАП🚫В ВАШЕМ ТЕЛЕФОНЕ📱📲📲📲ЖУКИ ‼️🪲‼️🪲🪲🚫СРОЧНО‼️УДАЛИТЕ🚫📲📲ВАЦАП🚫В ВАШЕМ ТЕЛЕФОНЕ📱📲📲📲ЖУКИ ‼️🪲‼️🪲🪲🚫СРОЧНО‼️УДАЛИТЕ🚫📲📲ВАЦАП🚫В ВАШЕМ ТЕЛЕФОНЕ📱📲📲📲ЖУКИ ‼️🪲‼️🪲🪲🚫СРОЧНО‼️УДАЛИТЕ🚫📲📲ВАЦАП🚫В ВАШЕМ ТЕЛЕФОНЕ📱📲📲📲ЖУКИ ‼️🪲‼️🪲🪲🚫СРОЧНО‼️УДАЛИТЕ🚫📲📲ВАЦАП🚫В ВАШЕМ ТЕЛЕФОНЕ📱📲📲📲ЖУКИ ‼️🪲‼️🪲🪲🚫СРОЧНО‼️УДАЛИТЕ🚫📲📲ВАЦАП🚫В ВАШЕМ ТЕЛЕФОНЕ📱📲📲📲ЖУКИ ‼️🪲‼️🪲🪲🚫СРОЧНО‼️УДАЛИТЕ🚫📲📲ВАЦАП🚫',NULL,0,'2025-04-10 17:42:55',2),(291,625,'В ВАШЕМ ТЕЛЕФОНЕ📱📲📲📲ЖУКИ ‼️🪲‼️🪲🪲🚫СРОЧНО‼️УДАЛИТЕ🚫📲📲ВАЦАП🚫В ВАШЕМ ТЕЛЕФОНЕ📱📲📲📲ЖУКИ ‼️🪲‼️🪲🪲🚫СРОЧНО‼️УДАЛИТЕ🚫📲📲ВАЦАП🚫В ВАШЕМ ТЕЛЕФОНЕ📱📲📲📲ЖУКИ ‼️🪲‼️🪲🪲🚫СРОЧНО‼️УДАЛИТЕ🚫📲📲ВАЦАП🚫В ВАШЕМ ТЕЛЕФОНЕ📱📲📲📲ЖУКИ ‼️🪲‼️🪲🪲🚫СРОЧНО‼️УДАЛИТЕ🚫📲📲ВАЦАП🚫В ВАШЕМ ТЕЛЕФОНЕ📱📲📲📲ЖУКИ ‼️🪲‼️🪲🪲🚫СРОЧНО‼️УДАЛИТЕ🚫📲📲ВАЦАП🚫В ВАШЕМ ТЕЛЕФОНЕ📱📲📲📲ЖУКИ ‼️🪲‼️🪲🪲🚫СРОЧНО‼️УДАЛИТЕ🚫📲📲ВАЦАП🚫В ВАШЕМ ТЕЛЕФОНЕ📱📲📲📲ЖУКИ ‼️🪲‼️🪲🪲🚫СРОЧНО‼️УДАЛИТЕ🚫📲📲ВАЦАП🚫В ВАШЕМ ТЕЛЕФОНЕ📱📲📲📲ЖУКИ ‼️🪲‼️🪲🪲🚫СРОЧНО‼️УДАЛИТЕ🚫📲📲ВАЦАП🚫В ВАШЕМ ТЕЛЕФОНЕ📱📲📲📲ЖУКИ ‼️🪲‼️🪲🪲🚫СРОЧНО‼️УДАЛИТЕ🚫📲📲ВАЦАП🚫В ВАШЕМ ТЕЛЕФОНЕ📱📲📲📲ЖУКИ ‼️🪲‼️🪲🪲🚫СРОЧНО‼️УДАЛИТЕ🚫📲📲ВАЦАП🚫В ВАШЕМ ТЕЛЕФОНЕ📱📲📲📲ЖУКИ ‼️🪲‼️🪲🪲🚫СРОЧНО‼️УДАЛИТЕ🚫📲📲ВАЦАП🚫В ВАШЕМ ТЕЛЕФОНЕ📱📲📲📲ЖУКИ ‼️🪲‼️🪲🪲🚫СРОЧНО‼️УДАЛИТЕ🚫📲📲ВАЦАП🚫В ВАШЕМ ТЕЛЕФОНЕ📱📲📲📲ЖУКИ ‼️🪲‼️🪲🪲🚫СРОЧНО‼️УДАЛИТЕ🚫📲📲ВАЦАП🚫В ВАШЕМ ТЕЛЕФОНЕ📱📲📲📲ЖУКИ ‼️🪲‼️🪲🪲🚫СРОЧНО‼️УДАЛИТЕ🚫📲📲ВАЦАП🚫В ВАШЕМ ТЕЛЕФОНЕ📱📲📲📲ЖУКИ ‼️🪲‼️🪲🪲🚫СРОЧНО‼️УДАЛИТЕ🚫📲📲ВАЦАП🚫В ВАШЕМ ТЕЛЕФОНЕ📱📲📲📲ЖУКИ ‼️🪲‼️🪲🪲🚫СРОЧНО‼️УДАЛИТЕ🚫📲📲ВАЦАП🚫В ВАШЕМ ТЕЛЕФОНЕ📱📲📲📲ЖУКИ ‼️🪲‼️🪲🪲🚫СРОЧНО‼️УДАЛИТЕ🚫📲📲ВАЦАП🚫В ВАШЕМ ТЕЛЕФОНЕ📱📲📲📲ЖУКИ ‼️🪲‼️🪲🪲🚫СРОЧНО‼️УДАЛИТЕ🚫📲📲ВАЦАП🚫В ВАШЕМ ТЕЛЕФОНЕ📱📲📲📲ЖУКИ ‼️🪲‼️🪲🪲🚫СРОЧНО‼️УДАЛИТЕ🚫📲📲ВАЦАП🚫В ВАШЕМ ТЕЛЕФОНЕ📱📲📲📲ЖУКИ ‼️🪲‼️🪲🪲🚫СРОЧНО‼️УДАЛИТЕ🚫📲📲ВАЦАП🚫В ВАШЕМ ТЕЛЕФОНЕ📱📲📲📲ЖУКИ ‼️🪲‼️🪲🪲🚫СРОЧНО‼️УДАЛИТЕ🚫📲📲ВАЦАП🚫',NULL,0,'2025-04-10 17:42:56',2),(292,625,'ух ты мать моя женщина',NULL,0,'2025-04-10 17:43:23',2),(293,625,'ух ты мать моя женщина',NULL,0,'2025-04-10 17:43:23',2),(294,625,'ух ты мать моя женщина',NULL,0,'2025-04-10 17:43:23',2),(295,625,'ух ты мать моя женщина',NULL,0,'2025-04-10 17:43:24',2),(296,625,'ух ты мать моя женщина',NULL,0,'2025-04-10 17:43:24',2),(297,625,'ух ты мать моя женщина',NULL,0,'2025-04-10 17:43:25',2),(298,625,'ух ты мать моя женщина',NULL,0,'2025-04-10 17:43:25',2),(299,625,'ух ты мать моя женщина',NULL,0,'2025-04-10 17:43:25',2),(300,625,'ух ты мать моя женщина',NULL,0,'2025-04-10 17:43:25',2),(301,625,'оставил мильядр запросов',NULL,0,'2025-04-10 17:43:57',2),(302,625,'оставил мильядр запросов',NULL,0,'2025-04-10 17:44:00',2),(303,625,'смотрим задержка',NULL,0,'2025-04-10 17:44:19',2),(304,625,'смотрим задержка',NULL,0,'2025-04-10 17:44:22',2),(305,625,'нихуя не постится',NULL,0,'2025-04-10 17:44:44',2),(306,625,'нихуя не постится',NULL,0,'2025-04-10 17:44:49',2),(307,625,'смотрим задержка дохуя времени',NULL,0,'2025-04-10 17:44:57',2),(308,625,'нихуя не постится',NULL,0,'2025-04-10 17:45:08',2),(309,625,'cursed',NULL,0,'2025-04-10 17:46:40',2),(310,625,'cursed',NULL,0,'2025-04-10 17:46:41',2),(311,625,'cursed',NULL,0,'2025-04-10 17:46:41',2),(312,625,'cursed',NULL,0,'2025-04-10 17:46:41',2),(313,625,'cursed',NULL,0,'2025-04-10 17:46:42',2),(314,625,'cursed',NULL,0,'2025-04-10 17:46:42',2),(315,625,'cursed',NULL,4,'2025-04-10 17:46:43',2),(316,625,'cursed',NULL,-2,'2025-04-10 17:46:43',2),(317,625,'cursed',NULL,10,'2025-04-10 17:46:45',4),(318,625,'Нахуя столько',NULL,4,'2025-04-10 17:52:24',43),(319,625,'я в ахуе',NULL,6,'2025-04-10 17:57:48',8),(320,625,'я в ахуе',NULL,24,'2025-04-10 17:57:48',8),(321,625,'я в ахуе',NULL,6,'2025-04-10 17:57:48',8),(322,621,'привет Очир!!!!!',NULL,0,'2025-04-10 19:42:14',63),(323,628,'бля, пикчи чинить надо',NULL,2,'2025-04-11 04:16:51',2),(324,629,'Какие нахуц ножки бляя',NULL,1,'2025-04-11 05:10:21',43),(325,627,'Слон умер',NULL,4,'2025-04-11 05:49:50',2),(326,630,'+++++',NULL,0,'2025-04-11 07:03:55',2),(327,630,'++++',NULL,0,'2025-04-11 07:28:14',2),(328,632,'пидорасы новокорпусные',NULL,0,'2025-04-11 07:41:22',2),(329,632,'пиздеж. не пидорасы',NULL,0,'2025-04-11 08:19:53',2),(330,632,'пиздеж. не пидорасы',NULL,0,'2025-04-11 08:19:54',2),(331,632,'спок, соевые студентики',NULL,0,'2025-04-11 08:51:25',2),(332,625,'Мдааааааа',NULL,0,'2025-04-11 08:56:59',41),(333,625,'Мдааааааа',NULL,0,'2025-04-11 08:57:00',41),(334,625,'Мдааааааа',NULL,0,'2025-04-11 08:57:00',41),(335,625,'Мдааааааа',NULL,0,'2025-04-11 08:57:00',41),(336,625,'Мдааааааа',NULL,0,'2025-04-11 08:57:00',41),(337,625,'Мдааааааа',NULL,0,'2025-04-11 08:57:00',41),(338,625,'Э, я один раз отправлял...',NULL,0,'2025-04-11 08:57:12',41),(339,635,'айпиграббер',NULL,1,'2025-04-11 09:22:47',2),(340,635,'ладно, я зашёл и не пожалел',NULL,2,'2025-04-11 09:23:39',2),(341,636,'Привет сережа',NULL,1,'2025-04-11 10:26:51',43),(342,636,'Жопа',NULL,1,'2025-04-11 10:26:58',43),(343,636,'Стоп',NULL,1,'2025-04-11 10:27:07',43),(344,636,'Рррр',NULL,2,'2025-04-11 10:27:10',5),(345,636,'обрезание?',NULL,1,'2025-04-11 10:34:40',2),(346,636,'как их там',NULL,2,'2025-04-11 10:34:51',2),(347,635,'Фаптреды.',NULL,1,'2025-04-11 12:12:47',2),(348,636,'Артем, это не Сережа. Это наш великолепный друг!! Сам представится, если захочет)',NULL,0,'2025-04-11 12:27:38',1),(349,639,'блять у меня на последнюю хуй встал',NULL,2,'2025-04-11 14:08:31',2),(350,642,'kalostan',NULL,6,'2025-04-11 16:10:43',2),(351,643,'по моим венам течет анестезия',NULL,3,'2025-04-11 16:18:53',8),(352,643,'По моим венам течёт Анастасия.',NULL,2,'2025-04-11 16:52:15',2),(353,645,'Учиться.',NULL,0,'2025-04-11 20:01:19',2),(354,645,'ты умный дохуя???',NULL,0,'2025-04-11 21:39:09',2),(355,648,'это чё, сатир?',NULL,2,'2025-04-12 05:44:51',2),(356,644,'Мы уже вчера…',NULL,0,'2025-04-12 06:41:36',2),(357,648,'Да',NULL,1,'2025-04-12 08:22:15',31),(358,645,'ошибка',NULL,0,'2025-04-12 08:33:13',54),(359,649,'И тебя оставили?',NULL,0,'2025-04-12 14:49:22',2),(360,646,'А какие ты сам порекомендуешь?',NULL,0,'2025-04-12 14:57:58',2),(361,652,'габблюсь под дижей сеты',NULL,2,'2025-04-12 19:33:05',4),(362,646,'Ну вот как раз 3 последний альбом Blind Guardian, у них прям во всю оркестр юзается, \"Beyond The Red Mirror\", \"Legacy Of The Dark Lands\" (он уже полностью симфонический, без гитар, мне зашёл далеко не с первого раза, но слушаю я его уже полгода постоянно) и последний \"The God Machine\". Можно ещё в более ранних альбомах порыться в поисках треков, где уже виднелся их переход от чистого спид и павера к более мелодичному прогрессиву и симфонику.___________________________ Альбомы Rhapsody Of Fire, начиная с Dawn of Victory и последующие, тоже прям приятное сочетание с оркестров/хоров с металом.',NULL,1,'2025-04-12 19:42:27',2),(363,646,'А, ну и ещё Dimmu Borgir, это уже не симфоник-павер с эпическими текстами, а симфо-блек хз какими текстами, вокал мне зашёл.',NULL,1,'2025-04-12 19:49:29',2),(364,649,'А бля',NULL,0,'2025-04-12 20:44:31',2),(365,652,'Спать собираюсь',NULL,2,'2025-04-12 20:44:57',2),(366,655,'Хуйня, надо было с нами ехать',NULL,1,'2025-04-12 21:26:12',1),(367,653,'Хочешь? Пиши тг',NULL,5,'2025-04-12 21:26:25',1),(368,655,'кто бы позвал',NULL,5,'2025-04-12 21:52:20',8),(369,655,'не, у нас герл тусовка мне нрав',NULL,2,'2025-04-12 21:52:35',8),(370,651,'Хуесосы',NULL,0,'2025-04-12 22:24:10',2),(371,649,'Мы уже',NULL,1,'2025-04-12 22:24:31',1),(372,657,'Yeah, collectively gooning 24/7',NULL,1,'2025-04-13 00:08:16',1),(373,657,'В ВАШЕМ ТЕЛЕФОНЕ ЖУЧКИ, СРОЧНО УДАЛИТЕ ВАЦАП',NULL,1,'2025-04-13 00:53:40',2),(374,657,'В ВАШЕМ ТЕЛЕФОНЕ📱📲📲📲ЖУКИ ‼️🪲‼️🪲🪲🚫СРОЧНО‼️УДАЛИТЕ🚫📲📲ВАЦАП🚫',NULL,1,'2025-04-13 07:18:25',4),(375,657,'кацап',NULL,1,'2025-04-13 07:18:41',2),(376,648,'это чё, очир?',NULL,1,'2025-04-13 07:19:44',2),(378,702,'Капов, ты гений',NULL,0,'2025-04-14 12:07:38',2),(379,705,'фыавыпвролджвыадроплролифывдашгипщ улшвыгфбиоеугадншглоефнурщешдгфлциуобпмнкезйрвфлегырвжплдвоаынпрфиздвлыпорвыфщиашдолвьырщпдшфолывинпрщвдышолпрьфывщдполфвырапдшвыглнпроцущдклгпбонкришдгылорвщадшглпонкфрдпшглфроьапвыпаавыпавпывапвапвыапвыа',NULL,1,'2025-04-14 15:40:51',43),(380,705,'фывапролдлорпаввввввввввввввввввввввввввввввввввввввввввввввввввввввввввввввввввввввввввввввввввввввввввввввввввввввввввввввввввввввввввввввввввввввввввввввввввввввввввввввввввввввввввввввввввввввввввввввввввввввввввввввввввввввввввввввввввввввввввввввввввввввввввввввввввввввввввввввввввввввввввввввввввввввввввввввввввввввввввв',NULL,-1,'2025-04-14 15:41:15',2),(381,706,'',NULL,0,'2025-04-14 16:17:48',2),(382,706,'Крутяк',NULL,0,'2025-04-14 16:31:21',1),(383,706,'Крутяк',NULL,0,'2025-04-14 16:31:22',1),(384,706,'Крутяк',NULL,0,'2025-04-14 16:31:23',1),(385,706,'retset',NULL,1,'2025-04-14 16:47:19',2),(386,706,'testeste',NULL,0,'2025-04-14 16:47:22',2),(387,706,'etsetset',NULL,0,'2025-04-14 16:47:24',2),(388,706,'etsetsetest',NULL,0,'2025-04-14 16:47:26',2),(389,706,'etsetsetset',NULL,0,'2025-04-14 16:47:32',2),(390,706,'testetse',NULL,0,'2025-04-14 16:48:41',2),(391,706,'etset',NULL,0,'2025-04-14 17:04:26',2),(392,706,'Ялены',NULL,0,'2025-04-14 17:08:08',1),(393,706,'Ниггеры',NULL,0,'2025-04-14 17:08:25',2),(394,706,'Ниггеры',NULL,0,'2025-04-14 17:08:29',2),(395,706,'Кросс',NULL,0,'2025-04-14 17:12:48',31),(396,706,'Кросс',NULL,0,'2025-04-14 17:12:49',31),(397,706,'Кросс',NULL,0,'2025-04-14 17:12:49',31),(398,706,'Кросс',NULL,0,'2025-04-14 17:12:49',31),(399,706,'Кросс',NULL,0,'2025-04-14 17:12:49',31),(400,706,'Кросс',NULL,0,'2025-04-14 17:12:49',31),(401,706,'Кросс',NULL,0,'2025-04-14 17:12:49',31),(402,706,'Кросс',NULL,0,'2025-04-14 17:12:49',31),(403,706,'Кросс',NULL,0,'2025-04-14 17:12:49',31),(404,706,'Кросс',NULL,0,'2025-04-14 17:12:49',31),(405,706,'Кросс',NULL,0,'2025-04-14 17:12:49',31),(406,706,'Кросс',NULL,0,'2025-04-14 17:12:49',31),(407,706,'Кросс',NULL,0,'2025-04-14 17:12:49',31),(408,706,'Кросс',NULL,0,'2025-04-14 17:12:49',31),(409,706,'Кросс',NULL,0,'2025-04-14 17:12:49',31),(410,706,'Кросс',NULL,0,'2025-04-14 17:12:49',31),(411,706,'Кросс',NULL,8,'2025-04-14 17:12:50',31),(412,706,'Кросс',NULL,11,'2025-04-14 17:12:50',31),(413,706,'Кросс',NULL,12,'2025-04-14 17:12:50',31),(414,706,'Кросс',NULL,8,'2025-04-14 17:12:50',31),(415,706,'Кросс',NULL,5,'2025-04-14 17:12:50',31),(416,706,'Кросс',NULL,7,'2025-04-14 17:12:51',31),(417,706,'Кросс',NULL,17,'2025-04-14 17:12:51',31),(418,705,'semensemensemensemensemensemensemensemensemensemensemensemensemensemensemensemensemensemensemensemensemensemensemensemensemensemensemensemensemensemensemensemensemensemensemensemensemensemensemensemensemensemensemensemensemensemensemensemensemensemensemensemensemensemensemensemensemensemensemensemensemensemensemensemensemensemensemensemensemensemensemensemensemensemensemensemensemensemensemensemensemensemensemensemensemensemensemensemensemensemensemensemensemensemensemensemensemensemensemensemensemensemensemensemensemensemensemensemensemensemensemensemensemensemensemensemensemensemensemensemensemensemensemensemensemensemensemensemensemensemensemensemensemensemensemensemensemensemensemensemensemensemensemensemensemensemensemensemensemensemensemensemensemensemensemensemensemensemensemensemensemensemensemensemensemensemensemensemensemensemensemensemensemensemensemensemensemensemensemensemensemensemensemensemensemensemensemensemensemensemensemensemensemensemensemensemensemensemensemensemensemensemensemensemensemensemensemensemensemensemensemensemensemensemensemensemensemensemensemensemensemensemensemensemensemensemensemensemensemensemensemensemensemensemensemensemensemensemensemensemensemensemensemensemensemensemensemensemensemensemensemensemensemensemensemensemensemensemensemensemensemensemensemensemensemensemensemensemensemensemensemensemensemensemensemensemensemensemensemensemensemensemensemensemensemensemensemensemensemensemensemensemensemensemensemensemensemensemensemensemensemensemensemensemensemensemensemensemensemensemensemensemensemensemensemensemensemensemensemensemensemensemensemensemensemensemensemensemensemensemensemensemensemensemensemensemensemensemensemensemensemensemensemensemensemensemensemensemensemensemensemensemensemensemensemensemensemensemensemensemensemensemensemensemensemensemensemensemensemensemensemensemensemensemensemensemensemensemensemensemensemensemensemensemensemensemensemensemensemensemensemensemensemensemensemensemensemensemensemensemensemensemensemensemensemensemensemensemensemensemensemensemensemensemensemensemensemensemensemensemensemensemensemensemensemensemensemensemensemensemensemensemensemensemensemensemensemensemensemensemensemensemensemensemensemensemensemensemensemensemensemensemensemensemensemensemensemensemensemensemensemensemensemensemensemensemensemensemensemensemensemensemensemensemensemensemensemensemensemensemensemensemensemensemensemensemensemensemensemensemensemensemensemensemensemensemensemensemensemensemensemensemensemensemensemensemensemensemensemensemensemensemen',NULL,0,'2025-04-14 17:36:37',54),(419,653,'@aanesthezia зовите на все крики на улице, я тоже кричать буду',NULL,0,'2025-04-15 07:51:19',67),(420,706,'',NULL,7,'2025-04-15 10:44:35',2),(421,709,'hell',NULL,1,'2025-04-15 13:59:24',2),(422,710,'СЛАВА БОГУ Z🙏 ❤ СЛАВА Z🙏 ❤ АНГЕЛА ХРАНИТЕЛЯ Z КАЖДОМУ ИЗ ВАС 🙏 ❤ БОЖЕ ХРАНИ Z 🙏 ❤ СПАСИБО ВАМ НАШИ СВО 🙏 ❤🇷🇺 ХРОНИ ZOV✊ 🇷🇺 💯 СЛАВА БОГУ Z🙏 ❤ СЛАВА Z🙏 ❤ АНГЕЛА ХРАНИТЕЛЯ Z КАЖДОМУ ИЗ ВАС 🙏 ❤ БОЖЕ ХРАНИ Z 🙏 ❤ СПАСИБО ВАМ НАШИ СВО 🙏 ❤🇷🇺 ХРОНИ ZOV✊ 🇷🇺 💯 СЛАВА БОГУ Z🙏 ❤ СЛАВА Z🙏 ❤ АНГЕЛА ХРАНИТЕЛЯ Z КАЖДОМУ ИЗ ВАС 🙏 ❤ БОЖЕ ХРАНИ Z 🙏 ❤ СПАСИБО ВАМ НАШИ СВО 🙏 ❤🇷🇺 ХРОНИ ZOV✊ 🇷🇺 💯 СЛАВА БОГУ Z🙏 ❤ СЛАВА Z🙏 ❤ АНГЕЛА ХРАНИТЕЛЯ Z КАЖДОМУ ИЗ ВАС 🙏 ❤ БОЖЕ ХРАНИ Z 🙏 ❤ СПАСИБО ВАМ НАШИ СВО 🙏 ❤🇷🇺 ХРОНИ ZOV✊ 🇷🇺 💯 СЛАВА БОГУ Z🙏 ❤ СЛАВА Z🙏 ❤ АНГЕЛА ХРАНИТЕЛЯ Z КАЖДОМУ ИЗ ВАС 🙏 ❤ БОЖЕ ХРАНИ Z 🙏 ❤ СПАСИБО ВАМ НАШИ СВО 🙏 ❤🇷🇺 ХРОНИ ZOV✊ 🇷🇺 💯 СЛАВА БОГУ Z🙏 ❤ СЛАВА Z🙏 ❤ АНГЕЛА ХРАНИТЕЛЯ Z КАЖДОМУ ИЗ ВАС 🙏 ❤ БОЖЕ ХРАНИ Z 🙏 ❤ СПАСИБО ВАМ НАШИ СВО 🙏 ❤🇷🇺 ХРОНИ ZOV✊ 🇷🇺 💯 СЛАВА БОГУ Z🙏 ❤ СЛАВА Z🙏 ❤ АНГЕЛА ХРАНИТЕЛЯ Z КАЖДОМУ ИЗ ВАС 🙏 ❤ БОЖЕ ХРАНИ Z 🙏 ❤ СПАСИБО ВАМ НАШИ СВО 🙏 ❤🇷🇺 ХРОНИ ZOV✊ 🇷🇺 💯 СЛАВА БОГУ Z🙏 ❤ СЛАВА Z🙏 ❤ АНГЕЛА ХРАНИТЕЛЯ Z КАЖДОМУ ИЗ ВАС 🙏 ❤ БОЖЕ ХРАНИ Z 🙏 ❤ СПАСИБО ВАМ НАШИ СВО 🙏 ❤🇷🇺 ХРОНИ ZOV✊ 🇷🇺 💯 СЛАВА БОГУ Z🙏 ❤ СЛАВА Z🙏 ❤ АНГЕЛА ХРАНИТЕЛЯ Z КАЖДОМУ ИЗ ВАС 🙏 ❤ БОЖЕ ХРАНИ Z 🙏 ❤ СПАСИБО ВАМ НАШИ СВО 🙏 ❤🇷🇺 ХРОНИ ZOV✊ 🇷🇺 💯 СЛАВА БОГУ Z🙏 ❤ СЛАВА Z🙏 ❤ АНГЕЛА ХРАНИТЕЛЯ Z КАЖДОМУ ИЗ ВАС 🙏 ❤ БОЖЕ ХРАНИ Z 🙏 ❤ СПАСИБО ВАМ НАШИ СВО 🙏 ❤🇷🇺 ХРОНИ ZOV✊ 🇷🇺 💯 СЛАВА БОГУ Z🙏 ❤ СЛАВА Z🙏 ❤ АНГЕЛА ХРАНИТЕЛЯ Z КАЖДОМУ ИЗ ВАС 🙏 ❤ БОЖЕ ХРАНИ Z 🙏 ❤ СПАСИБО ВАМ НАШИ СВО 🙏 ❤🇷🇺 ХРОНИ ZOV✊ 🇷🇺 💯 СЛАВА БОГУ Z🙏 ❤ СЛАВА Z🙏 ❤ АНГЕЛА ХРАНИТЕЛЯ Z КАЖДОМУ ИЗ ВАС 🙏 ❤ БОЖЕ ХРАНИ Z 🙏 ❤ СПАСИБО ВАМ НАШИ СВО 🙏 ❤🇷🇺 ХРОНИ ZOV✊ 🇷🇺 💯 СЛАВА БОГУ Z🙏 ❤ СЛАВА Z🙏 ❤ АНГЕЛА ХРАНИТЕЛЯ Z КАЖДОМУ ИЗ ВАС 🙏 ❤ БОЖЕ ХРАНИ Z 🙏 ❤ СПАСИБО ВАМ НАШИ СВО 🙏 ❤🇷🇺 ХРОНИ ZOV✊ 🇷🇺 💯 СЛАВА БОГУ Z🙏 ❤ СЛАВА Z🙏 ❤ АНГЕЛА ХРАНИТЕЛЯ Z КАЖДОМУ ИЗ ВАС 🙏 ❤ БОЖЕ ХРАНИ Z 🙏 ❤ СПАСИБО ВАМ НАШИ СВО 🙏 ❤🇷🇺 ХРОНИ ZOV✊ 🇷🇺 💯 СЛАВА БОГУ Z🙏 ❤ СЛАВА Z🙏 ❤ АНГЕЛА ХРАНИТЕЛЯ Z КАЖДОМУ ИЗ ВАС 🙏 ❤ БОЖЕ ХРАНИ Z 🙏 ❤ СПАСИБО ВАМ НАШИ СВО 🙏 ❤🇷🇺 ХРОНИ ZOV✊ 🇷🇺 💯 СЛАВА БОГУ Z🙏 ❤ СЛАВА Z🙏 ❤ АНГЕЛА ХРАНИТЕЛЯ Z КАЖДОМУ ИЗ ВАС 🙏 ❤ БОЖЕ ХРАНИ Z 🙏 ❤ СПАСИБО ВАМ НАШИ СВО 🙏 ❤🇷🇺 ХРОНИ ZOV✊ 🇷🇺 💯 СЛАВА БОГУ Z🙏 ❤ СЛАВА Z🙏 ❤ АНГЕЛА ХРАНИТЕЛЯ Z КАЖДОМУ ИЗ ВАС 🙏 ❤ БОЖЕ ХРАНИ Z 🙏 ❤ СПАСИБО ВАМ НАШИ СВО 🙏 ❤🇷🇺 ХРОНИ ZOV✊ 🇷🇺 💯 СЛАВА БОГУ Z🙏 ❤ СЛАВА Z🙏 ❤ АНГЕЛА ХРАНИТЕЛЯ Z КАЖДОМУ ИЗ ВАС 🙏 ❤ БОЖЕ ХРАНИ Z 🙏 ❤ СПАСИБО ВАМ НАШИ СВО 🙏 ❤🇷🇺 ХРОНИ ZOV✊ 🇷🇺 💯 СЛАВА БОГУ Z🙏 ❤ СЛАВА Z🙏 ❤ АНГЕЛА ХРАНИТЕЛЯ Z КАЖДОМУ ИЗ ВАС 🙏 ❤ БОЖЕ ХРАНИ Z 🙏 ❤ СПАСИБО ВАМ НАШИ СВО 🙏 ❤🇷🇺 ХРОНИ ZOV✊ 🇷🇺 💯 СЛАВА БОГУ Z🙏 ❤ СЛАВА Z🙏 ❤ АНГЕЛА ХРАНИТЕЛЯ Z КАЖДОМУ ИЗ ВАС 🙏 ❤ БОЖЕ ХРАНИ Z 🙏 ❤ СПАСИБО ВАМ НАШИ СВО 🙏 ❤🇷🇺 ХРОНИ ZOV✊ 🇷🇺 💯 СЛАВА БОГУ Z🙏 ❤ СЛАВА Z🙏 ❤ АНГЕЛА ХРАНИТЕЛЯ Z КАЖДОМУ ИЗ ВАС 🙏 ❤ БОЖЕ ХРАНИ Z 🙏 ❤ СПАСИБО ВАМ НАШИ СВО 🙏 ❤🇷🇺 ХРОНИ ZOV✊ 🇷🇺 💯 СЛАВА БОГУ Z🙏 ❤ СЛАВА Z🙏 ❤ АНГЕЛА',NULL,0,'2025-04-15 14:24:46',2),(423,710,'СЛАВА БОГУ Z🙏 ❤ СЛАВА Z🙏 ❤ АНГЕЛА ХРАНИТЕЛЯ Z КАЖДОМУ ИЗ ВАС 🙏 ❤ БОЖЕ ХРАНИ Z 🙏 ❤ СПАСИБО ВАМ НАШИ СВО 🙏 ❤🇷🇺 ХРОНИ ZOV✊ 🇷🇺 💯 СЛАВА БОГУ Z🙏 ❤ СЛАВА Z🙏 ❤ АНГЕЛА ХРАНИТЕЛЯ Z КАЖДОМУ ИЗ ВАС 🙏 ❤ БОЖЕ ХРАНИ Z 🙏 ❤ СПАСИБО ВАМ НАШИ СВО 🙏 ❤🇷🇺 ХРОНИ ZOV✊ 🇷🇺 💯 СЛАВА БОГУ Z🙏 ❤ СЛАВА Z🙏 ❤ АНГЕЛА ХРАНИТЕЛЯ Z КАЖДОМУ ИЗ ВАС 🙏 ❤ БОЖЕ ХРАНИ Z 🙏 ❤ СПАСИБО ВАМ НАШИ СВО 🙏 ❤🇷🇺 ХРОНИ ZOV✊ 🇷🇺 💯 СЛАВА БОГУ Z🙏 ❤ СЛАВА Z🙏 ❤ АНГЕЛА ХРАНИТЕЛЯ Z КАЖДОМУ ИЗ ВАС 🙏 ❤ БОЖЕ ХРАНИ Z 🙏 ❤ СПАСИБО ВАМ НАШИ СВО 🙏 ❤🇷🇺 ХРОНИ ZOV✊ 🇷🇺 💯 СЛАВА БОГУ Z🙏 ❤ СЛАВА Z🙏 ❤ АНГЕЛА ХРАНИТЕЛЯ Z КАЖДОМУ ИЗ ВАС 🙏 ❤ БОЖЕ ХРАНИ Z 🙏 ❤ СПАСИБО ВАМ НАШИ СВО 🙏 ❤🇷🇺 ХРОНИ ZOV✊ 🇷🇺 💯 СЛАВА БОГУ Z🙏 ❤ СЛАВА Z🙏 ❤ АНГЕЛА ХРАНИТЕЛЯ Z КАЖДОМУ ИЗ ВАС 🙏 ❤ БОЖЕ ХРАНИ Z 🙏 ❤ СПАСИБО ВАМ НАШИ СВО 🙏 ❤🇷🇺 ХРОНИ ZOV✊ 🇷🇺 💯 СЛАВА БОГУ Z🙏 ❤ СЛАВА Z🙏 ❤ АНГЕЛА ХРАНИТЕЛЯ Z КАЖДОМУ ИЗ ВАС 🙏 ❤ БОЖЕ ХРАНИ Z 🙏 ❤ СПАСИБО ВАМ НАШИ СВО 🙏 ❤🇷🇺 ХРОНИ ZOV✊ 🇷🇺 💯 СЛАВА БОГУ Z🙏 ❤ СЛАВА Z🙏 ❤ АНГЕЛА ХРАНИТЕЛЯ Z КАЖДОМУ ИЗ ВАС 🙏 ❤ БОЖЕ ХРАНИ Z 🙏 ❤ СПАСИБО ВАМ НАШИ СВО 🙏 ❤🇷🇺 ХРОНИ ZOV✊ 🇷🇺 💯 СЛАВА БОГУ Z🙏 ❤ СЛАВА Z🙏 ❤ АНГЕЛА ХРАНИТЕЛЯ Z КАЖДОМУ ИЗ ВАС 🙏 ❤ БОЖЕ ХРАНИ Z 🙏 ❤ СПАСИБО ВАМ НАШИ СВО 🙏 ❤🇷🇺 ХРОНИ ZOV✊ 🇷🇺 💯 СЛАВА БОГУ Z🙏 ❤ СЛАВА Z🙏 ❤ АНГЕЛА ХРАНИТЕЛЯ Z КАЖДОМУ ИЗ ВАС 🙏 ❤ БОЖЕ ХРАНИ Z 🙏 ❤ СПАСИБО ВАМ НАШИ СВО 🙏 ❤🇷🇺 ХРОНИ ZOV✊ 🇷🇺 💯 СЛАВА БОГУ Z🙏 ❤ СЛАВА Z🙏 ❤ АНГЕЛА ХРАНИТЕЛЯ Z КАЖДОМУ ИЗ ВАС 🙏 ❤ БОЖЕ ХРАНИ Z 🙏 ❤ СПАСИБО ВАМ НАШИ СВО 🙏 ❤🇷🇺 ХРОНИ ZOV✊ 🇷🇺 💯 СЛАВА БОГУ Z🙏 ❤ СЛАВА Z🙏 ❤ АНГЕЛА ХРАНИТЕЛЯ Z КАЖДОМУ ИЗ ВАС 🙏 ❤ БОЖЕ ХРАНИ Z 🙏 ❤ СПАСИБО ВАМ НАШИ СВО 🙏 ❤🇷🇺 ХРОНИ ZOV✊ 🇷🇺 💯 СЛАВА БОГУ Z🙏 ❤ СЛАВА Z🙏 ❤ АНГЕЛА ХРАНИТЕЛЯ Z КАЖДОМУ ИЗ ВАС 🙏 ❤ БОЖЕ ХРАНИ Z 🙏 ❤ СПАСИБО ВАМ НАШИ СВО 🙏 ❤🇷🇺 ХРОНИ ZOV✊ 🇷🇺 💯 СЛАВА БОГУ Z🙏 ❤ СЛАВА Z🙏 ❤ АНГЕЛА ХРАНИТЕЛЯ Z КАЖДОМУ ИЗ ВАС 🙏 ❤ БОЖЕ ХРАНИ Z 🙏 ❤ СПАСИБО ВАМ НАШИ СВО 🙏 ❤🇷🇺 ХРОНИ ZOV✊ 🇷🇺 💯 СЛАВА БОГУ Z🙏 ❤ СЛАВА Z🙏 ❤ АНГЕЛА ХРАНИТЕЛЯ Z КАЖДОМУ ИЗ ВАС 🙏 ❤ БОЖЕ ХРАНИ Z 🙏 ❤ СПАСИБО ВАМ НАШИ СВО 🙏 ❤🇷🇺 ХРОНИ ZOV✊ 🇷🇺 💯 СЛАВА БОГУ Z🙏 ❤ СЛАВА Z🙏 ❤ АНГЕЛА ХРАНИТЕЛЯ Z КАЖДОМУ ИЗ ВАС 🙏 ❤ БОЖЕ ХРАНИ Z 🙏 ❤ СПАСИБО ВАМ НАШИ СВО 🙏 ❤🇷🇺 ХРОНИ ZOV✊ 🇷🇺 💯 СЛАВА БОГУ Z🙏 ❤ СЛАВА Z🙏 ❤ АНГЕЛА ХРАНИТЕЛЯ Z КАЖДОМУ ИЗ ВАС 🙏 ❤ БОЖЕ ХРАНИ Z 🙏 ❤ СПАСИБО ВАМ НАШИ СВО 🙏 ❤🇷🇺 ХРОНИ ZOV✊ 🇷🇺 💯 СЛАВА БОГУ Z🙏 ❤ СЛАВА Z🙏 ❤ АНГЕЛА ХРАНИТЕЛЯ Z КАЖДОМУ ИЗ ВАС 🙏 ❤ БОЖЕ ХРАНИ Z 🙏 ❤ СПАСИБО ВАМ НАШИ СВО 🙏 ❤🇷🇺 ХРОНИ ZOV✊ 🇷🇺 💯 СЛАВА БОГУ Z🙏 ❤ СЛАВА Z🙏 ❤ АНГЕЛА ХРАНИТЕЛЯ Z КАЖДОМУ ИЗ ВАС 🙏 ❤ БОЖЕ ХРАНИ Z 🙏 ❤ СПАСИБО ВАМ НАШИ СВО 🙏 ❤🇷🇺 ХРОНИ ZOV✊ 🇷🇺 💯 СЛАВА БОГУ Z🙏 ❤ СЛАВА Z🙏 ❤ АНГЕЛА ХРАНИТЕЛЯ Z КАЖДОМУ ИЗ ВАС 🙏 ❤ БОЖЕ ХРАНИ Z 🙏 ❤ СПАСИБО ВАМ НАШИ СВО 🙏 ❤🇷🇺 ХРОНИ ZOV✊ 🇷🇺 💯 СЛАВА БОГУ Z🙏 ❤ СЛАВА Z🙏 ❤ АНГЕЛА ХРАНИТЕЛЯ Z КАЖДОМУ ИЗ ВАС 🙏 ❤ БОЖЕ ХРАНИ Z 🙏 ❤ СПАСИБО ВАМ НАШИ СВО 🙏 ❤🇷🇺 ХРОНИ ZOV✊ 🇷🇺 💯 СЛАВА БОГУ Z🙏 ❤ СЛАВА Z🙏 ❤ АНГЕЛА',NULL,0,'2025-04-15 14:25:22',31),(424,710,'СЛАВА БОГУ Z🙏 ❤ СЛАВА Z🙏 ❤ АНГЕЛА ХРАНИТЕЛЯ Z КАЖДОМУ ИЗ ВАС 🙏 ❤ БОЖЕ ХРАНИ Z 🙏 ❤ СПАСИБО ВАМ НАШИ СВО 🙏 ❤🇷🇺 ХРОНИ ZOV✊ 🇷🇺 💯 СЛАВА БОГУ Z🙏 ❤ СЛАВА Z🙏 ❤ АНГЕЛА ХРАНИТЕЛЯ Z КАЖДОМУ ИЗ ВАС 🙏 ❤ БОЖЕ ХРАНИ Z 🙏 ❤ СПАСИБО ВАМ НАШИ СВО 🙏 ❤🇷🇺 ХРОНИ ZOV✊ 🇷🇺 💯 СЛАВА БОГУ Z🙏 ❤ СЛАВА Z🙏 ❤ АНГЕЛА ХРАНИТЕЛЯ Z КАЖДОМУ ИЗ ВАС 🙏 ❤ БОЖЕ ХРАНИ Z 🙏 ❤ СПАСИБО ВАМ НАШИ СВО 🙏 ❤🇷🇺 ХРОНИ ZOV✊ 🇷🇺 💯 СЛАВА БОГУ Z🙏 ❤ СЛАВА Z🙏 ❤ АНГЕЛА ХРАНИТЕЛЯ Z КАЖДОМУ ИЗ ВАС 🙏 ❤ БОЖЕ ХРАНИ Z 🙏 ❤ СПАСИБО ВАМ НАШИ СВО 🙏 ❤🇷🇺 ХРОНИ ZOV✊ 🇷🇺 💯 СЛАВА БОГУ Z🙏 ❤ СЛАВА Z🙏 ❤ АНГЕЛА ХРАНИТЕЛЯ Z КАЖДОМУ ИЗ ВАС 🙏 ❤ БОЖЕ ХРАНИ Z 🙏 ❤ СПАСИБО ВАМ НАШИ СВО 🙏 ❤🇷🇺 ХРОНИ ZOV✊ 🇷🇺 💯 СЛАВА БОГУ Z🙏 ❤ СЛАВА Z🙏 ❤ АНГЕЛА ХРАНИТЕЛЯ Z КАЖДОМУ ИЗ ВАС 🙏 ❤ БОЖЕ ХРАНИ Z 🙏 ❤ СПАСИБО ВАМ НАШИ СВО 🙏 ❤🇷🇺 ХРОНИ ZOV✊ 🇷🇺 💯 СЛАВА БОГУ Z🙏 ❤ СЛАВА Z🙏 ❤ АНГЕЛА ХРАНИТЕЛЯ Z КАЖДОМУ ИЗ ВАС 🙏 ❤ БОЖЕ ХРАНИ Z 🙏 ❤ СПАСИБО ВАМ НАШИ СВО 🙏 ❤🇷🇺 ХРОНИ ZOV✊ 🇷🇺 💯 СЛАВА БОГУ Z🙏 ❤ СЛАВА Z🙏 ❤ АНГЕЛА ХРАНИТЕЛЯ Z КАЖДОМУ ИЗ ВАС 🙏 ❤ БОЖЕ ХРАНИ Z 🙏 ❤ СПАСИБО ВАМ НАШИ СВО 🙏 ❤🇷🇺 ХРОНИ ZOV✊ 🇷🇺 💯 СЛАВА БОГУ Z🙏 ❤ СЛАВА Z🙏 ❤ АНГЕЛА ХРАНИТЕЛЯ Z КАЖДОМУ ИЗ ВАС 🙏 ❤ БОЖЕ ХРАНИ Z 🙏 ❤ СПАСИБО ВАМ НАШИ СВО 🙏 ❤🇷🇺 ХРОНИ ZOV✊ 🇷🇺 💯 СЛАВА БОГУ Z🙏 ❤ СЛАВА Z🙏 ❤ АНГЕЛА ХРАНИТЕЛЯ Z КАЖДОМУ ИЗ ВАС 🙏 ❤ БОЖЕ ХРАНИ Z 🙏 ❤ СПАСИБО ВАМ НАШИ СВО 🙏 ❤🇷🇺 ХРОНИ ZOV✊ 🇷🇺 💯 СЛАВА БОГУ Z🙏 ❤ СЛАВА Z🙏 ❤ АНГЕЛА ХРАНИТЕЛЯ Z КАЖДОМУ ИЗ ВАС 🙏 ❤ БОЖЕ ХРАНИ Z 🙏 ❤ СПАСИБО ВАМ НАШИ СВО 🙏 ❤🇷🇺 ХРОНИ ZOV✊ 🇷🇺 💯 СЛАВА БОГУ Z🙏 ❤ СЛАВА Z🙏 ❤ АНГЕЛА ХРАНИТЕЛЯ Z КАЖДОМУ ИЗ ВАС 🙏 ❤ БОЖЕ ХРАНИ Z 🙏 ❤ СПАСИБО ВАМ НАШИ СВО 🙏 ❤🇷🇺 ХРОНИ ZOV✊ 🇷🇺 💯 СЛАВА БОГУ Z🙏 ❤ СЛАВА Z🙏 ❤ АНГЕЛА ХРАНИТЕЛЯ Z КАЖДОМУ ИЗ ВАС 🙏 ❤ БОЖЕ ХРАНИ Z 🙏 ❤ СПАСИБО ВАМ НАШИ СВО 🙏 ❤🇷🇺 ХРОНИ ZOV✊ 🇷🇺 💯 СЛАВА БОГУ Z🙏 ❤ СЛАВА Z🙏 ❤ АНГЕЛА ХРАНИТЕЛЯ Z КАЖДОМУ ИЗ ВАС 🙏 ❤ БОЖЕ ХРАНИ Z 🙏 ❤ СПАСИБО ВАМ НАШИ СВО 🙏 ❤🇷🇺 ХРОНИ ZOV✊ 🇷🇺 💯 СЛАВА БОГУ Z🙏 ❤ СЛАВА Z🙏 ❤ АНГЕЛА ХРАНИТЕЛЯ Z КАЖДОМУ ИЗ ВАС 🙏 ❤ БОЖЕ ХРАНИ Z 🙏 ❤ СПАСИБО ВАМ НАШИ СВО 🙏 ❤🇷🇺 ХРОНИ ZOV✊ 🇷🇺 💯 СЛАВА БОГУ Z🙏 ❤ СЛАВА Z🙏 ❤ АНГЕЛА ХРАНИТЕЛЯ Z КАЖДОМУ ИЗ ВАС 🙏 ❤ БОЖЕ ХРАНИ Z 🙏 ❤ СПАСИБО ВАМ НАШИ СВО 🙏 ❤🇷🇺 ХРОНИ ZOV✊ 🇷🇺 💯 СЛАВА БОГУ Z🙏 ❤ СЛАВА Z🙏 ❤ АНГЕЛА ХРАНИТЕЛЯ Z КАЖДОМУ ИЗ ВАС 🙏 ❤ БОЖЕ ХРАНИ Z 🙏 ❤ СПАСИБО ВАМ НАШИ СВО 🙏 ❤🇷🇺 ХРОНИ ZOV✊ 🇷🇺 💯 СЛАВА БОГУ Z🙏 ❤ СЛАВА Z🙏 ❤ АНГЕЛА ХРАНИТЕЛЯ Z КАЖДОМУ ИЗ ВАС 🙏 ❤ БОЖЕ ХРАНИ Z 🙏 ❤ СПАСИБО ВАМ НАШИ СВО 🙏 ❤🇷🇺 ХРОНИ ZOV✊ 🇷🇺 💯 СЛАВА БОГУ Z🙏 ❤ СЛАВА Z🙏 ❤ АНГЕЛА ХРАНИТЕЛЯ Z КАЖДОМУ ИЗ ВАС 🙏 ❤ БОЖЕ ХРАНИ Z 🙏 ❤ СПАСИБО ВАМ НАШИ СВО 🙏 ❤🇷🇺 ХРОНИ ZOV✊ 🇷🇺 💯 СЛАВА БОГУ Z🙏 ❤ СЛАВА Z🙏 ❤ АНГЕЛА ХРАНИТЕЛЯ Z КАЖДОМУ ИЗ ВАС 🙏 ❤ БОЖЕ ХРАНИ Z 🙏 ❤ СПАСИБО ВАМ НАШИ СВО 🙏 ❤🇷🇺 ХРОНИ ZOV✊ 🇷🇺 💯 СЛАВА БОГУ Z🙏 ❤ СЛАВА Z🙏 ❤ АНГЕЛА ХРАНИТЕЛЯ Z КАЖДОМУ ИЗ ВАС 🙏 ❤ БОЖЕ ХРАНИ Z 🙏 ❤ СПАСИБО ВАМ НАШИ СВО 🙏 ❤🇷🇺 ХРОНИ ZOV✊ 🇷🇺 💯 СЛАВА БОГУ Z🙏 ❤ СЛАВА Z🙏 ❤ АНГЕЛА',NULL,0,'2025-04-15 14:25:22',31),(425,710,'СЛАВА БОГУ Z🙏 ❤ СЛАВА Z🙏 ❤ АНГЕЛА ХРАНИТЕЛЯ Z КАЖДОМУ ИЗ ВАС 🙏 ❤ БОЖЕ ХРАНИ Z 🙏 ❤ СПАСИБО ВАМ НАШИ СВО 🙏 ❤🇷🇺 ХРОНИ ZOV✊ 🇷🇺 💯 СЛАВА БОГУ Z🙏 ❤ СЛАВА Z🙏 ❤ АНГЕЛА ХРАНИТЕЛЯ Z КАЖДОМУ ИЗ ВАС 🙏 ❤ БОЖЕ ХРАНИ Z 🙏 ❤ СПАСИБО ВАМ НАШИ СВО 🙏 ❤🇷🇺 ХРОНИ ZOV✊ 🇷🇺 💯 СЛАВА БОГУ Z🙏 ❤ СЛАВА Z🙏 ❤ АНГЕЛА ХРАНИТЕЛЯ Z КАЖДОМУ ИЗ ВАС 🙏 ❤ БОЖЕ ХРАНИ Z 🙏 ❤ СПАСИБО ВАМ НАШИ СВО 🙏 ❤🇷🇺 ХРОНИ ZOV✊ 🇷🇺 💯 СЛАВА БОГУ Z🙏 ❤ СЛАВА Z🙏 ❤ АНГЕЛА ХРАНИТЕЛЯ Z КАЖДОМУ ИЗ ВАС 🙏 ❤ БОЖЕ ХРАНИ Z 🙏 ❤ СПАСИБО ВАМ НАШИ СВО 🙏 ❤🇷🇺 ХРОНИ ZOV✊ 🇷🇺 💯 СЛАВА БОГУ Z🙏 ❤ СЛАВА Z🙏 ❤ АНГЕЛА ХРАНИТЕЛЯ Z КАЖДОМУ ИЗ ВАС 🙏 ❤ БОЖЕ ХРАНИ Z 🙏 ❤ СПАСИБО ВАМ НАШИ СВО 🙏 ❤🇷🇺 ХРОНИ ZOV✊ 🇷🇺 💯 СЛАВА БОГУ Z🙏 ❤ СЛАВА Z🙏 ❤ АНГЕЛА ХРАНИТЕЛЯ Z КАЖДОМУ ИЗ ВАС 🙏 ❤ БОЖЕ ХРАНИ Z 🙏 ❤ СПАСИБО ВАМ НАШИ СВО 🙏 ❤🇷🇺 ХРОНИ ZOV✊ 🇷🇺 💯 СЛАВА БОГУ Z🙏 ❤ СЛАВА Z🙏 ❤ АНГЕЛА ХРАНИТЕЛЯ Z КАЖДОМУ ИЗ ВАС 🙏 ❤ БОЖЕ ХРАНИ Z 🙏 ❤ СПАСИБО ВАМ НАШИ СВО 🙏 ❤🇷🇺 ХРОНИ ZOV✊ 🇷🇺 💯 СЛАВА БОГУ Z🙏 ❤ СЛАВА Z🙏 ❤ АНГЕЛА ХРАНИТЕЛЯ Z КАЖДОМУ ИЗ ВАС 🙏 ❤ БОЖЕ ХРАНИ Z 🙏 ❤ СПАСИБО ВАМ НАШИ СВО 🙏 ❤🇷🇺 ХРОНИ ZOV✊ 🇷🇺 💯 СЛАВА БОГУ Z🙏 ❤ СЛАВА Z🙏 ❤ АНГЕЛА ХРАНИТЕЛЯ Z КАЖДОМУ ИЗ ВАС 🙏 ❤ БОЖЕ ХРАНИ Z 🙏 ❤ СПАСИБО ВАМ НАШИ СВО 🙏 ❤🇷🇺 ХРОНИ ZOV✊ 🇷🇺 💯 СЛАВА БОГУ Z🙏 ❤ СЛАВА Z🙏 ❤ АНГЕЛА ХРАНИТЕЛЯ Z КАЖДОМУ ИЗ ВАС 🙏 ❤ БОЖЕ ХРАНИ Z 🙏 ❤ СПАСИБО ВАМ НАШИ СВО 🙏 ❤🇷🇺 ХРОНИ ZOV✊ 🇷🇺 💯 СЛАВА БОГУ Z🙏 ❤ СЛАВА Z🙏 ❤ АНГЕЛА ХРАНИТЕЛЯ Z КАЖДОМУ ИЗ ВАС 🙏 ❤ БОЖЕ ХРАНИ Z 🙏 ❤ СПАСИБО ВАМ НАШИ СВО 🙏 ❤🇷🇺 ХРОНИ ZOV✊ 🇷🇺 💯 СЛАВА БОГУ Z🙏 ❤ СЛАВА Z🙏 ❤ АНГЕЛА ХРАНИТЕЛЯ Z КАЖДОМУ ИЗ ВАС 🙏 ❤ БОЖЕ ХРАНИ Z 🙏 ❤ СПАСИБО ВАМ НАШИ СВО 🙏 ❤🇷🇺 ХРОНИ ZOV✊ 🇷🇺 💯 СЛАВА БОГУ Z🙏 ❤ СЛАВА Z🙏 ❤ АНГЕЛА ХРАНИТЕЛЯ Z КАЖДОМУ ИЗ ВАС 🙏 ❤ БОЖЕ ХРАНИ Z 🙏 ❤ СПАСИБО ВАМ НАШИ СВО 🙏 ❤🇷🇺 ХРОНИ ZOV✊ 🇷🇺 💯 СЛАВА БОГУ Z🙏 ❤ СЛАВА Z🙏 ❤ АНГЕЛА ХРАНИТЕЛЯ Z КАЖДОМУ ИЗ ВАС 🙏 ❤ БОЖЕ ХРАНИ Z 🙏 ❤ СПАСИБО ВАМ НАШИ СВО 🙏 ❤🇷🇺 ХРОНИ ZOV✊ 🇷🇺 💯 СЛАВА БОГУ Z🙏 ❤ СЛАВА Z🙏 ❤ АНГЕЛА ХРАНИТЕЛЯ Z КАЖДОМУ ИЗ ВАС 🙏 ❤ БОЖЕ ХРАНИ Z 🙏 ❤ СПАСИБО ВАМ НАШИ СВО 🙏 ❤🇷🇺 ХРОНИ ZOV✊ 🇷🇺 💯 СЛАВА БОГУ Z🙏 ❤ СЛАВА Z🙏 ❤ АНГЕЛА ХРАНИТЕЛЯ Z КАЖДОМУ ИЗ ВАС 🙏 ❤ БОЖЕ ХРАНИ Z 🙏 ❤ СПАСИБО ВАМ НАШИ СВО 🙏 ❤🇷🇺 ХРОНИ ZOV✊ 🇷🇺 💯 СЛАВА БОГУ Z🙏 ❤ СЛАВА Z🙏 ❤ АНГЕЛА ХРАНИТЕЛЯ Z КАЖДОМУ ИЗ ВАС 🙏 ❤ БОЖЕ ХРАНИ Z 🙏 ❤ СПАСИБО ВАМ НАШИ СВО 🙏 ❤🇷🇺 ХРОНИ ZOV✊ 🇷🇺 💯 СЛАВА БОГУ Z🙏 ❤ СЛАВА Z🙏 ❤ АНГЕЛА ХРАНИТЕЛЯ Z КАЖДОМУ ИЗ ВАС 🙏 ❤ БОЖЕ ХРАНИ Z 🙏 ❤ СПАСИБО ВАМ НАШИ СВО 🙏 ❤🇷🇺 ХРОНИ ZOV✊ 🇷🇺 💯 СЛАВА БОГУ Z🙏 ❤ СЛАВА Z🙏 ❤ АНГЕЛА ХРАНИТЕЛЯ Z КАЖДОМУ ИЗ ВАС 🙏 ❤ БОЖЕ ХРАНИ Z 🙏 ❤ СПАСИБО ВАМ НАШИ СВО 🙏 ❤🇷🇺 ХРОНИ ZOV✊ 🇷🇺 💯 СЛАВА БОГУ Z🙏 ❤ СЛАВА Z🙏 ❤ АНГЕЛА ХРАНИТЕЛЯ Z КАЖДОМУ ИЗ ВАС 🙏 ❤ БОЖЕ ХРАНИ Z 🙏 ❤ СПАСИБО ВАМ НАШИ СВО 🙏 ❤🇷🇺 ХРОНИ ZOV✊ 🇷🇺 💯 СЛАВА БОГУ Z🙏 ❤ СЛАВА Z🙏 ❤ АНГЕЛА ХРАНИТЕЛЯ Z КАЖДОМУ ИЗ ВАС 🙏 ❤ БОЖЕ ХРАНИ Z 🙏 ❤ СПАСИБО ВАМ НАШИ СВО 🙏 ❤🇷🇺 ХРОНИ ZOV✊ 🇷🇺 💯 СЛАВА БОГУ Z🙏 ❤ СЛАВА Z🙏 ❤ АНГЕЛА',NULL,0,'2025-04-15 14:25:59',2),(426,710,'Прраппр',NULL,4,'2025-04-15 14:26:09',43),(427,710,'Вдадьа',NULL,1,'2025-04-15 14:26:14',43),(428,710,'Вдадьа',NULL,0,'2025-04-15 14:26:14',43),(429,709,'Gay men gay men gay men gay men gay men',NULL,0,'2025-04-15 14:59:15',1),(430,710,'Ты гей ты гей ты гей ты гей ты гей ты гей ты гей ты гей ты гей',NULL,2,'2025-04-15 15:44:40',1),(431,710,'+',NULL,0,'2025-04-15 16:32:55',54),(432,711,'ЕБААААТЬ КОММЕНТЫ ИЗМЕНИЛИ\n\nя вахуи',NULL,1,'2025-04-15 21:21:15',2),(433,711,'правда у меня к хуям всё умерло после поста коммента',NULL,2,'2025-04-15 21:21:49',2),(434,711,'тун тун тун сахум',NULL,2,'2025-04-16 08:12:25',8),(435,711,'Траллаллеро тралала',NULL,1,'2025-04-16 10:43:03',2),(436,711,'Уаааааээээыыыыы',NULL,0,'2025-04-16 10:44:41',1),(437,711,'Уаааааээээыыыыы',NULL,0,'2025-04-16 10:44:41',1),(438,712,'На какой паспорт?',NULL,0,'2025-04-16 10:45:26',1),(439,712,'',NULL,1,'2025-04-16 10:57:53',2),(440,712,'так паспорт менять пора',NULL,0,'2025-04-16 11:17:47',8),(441,711,'шимпанзини бананини',NULL,1,'2025-04-16 14:56:09',54),(442,713,'Легенадрное фото',NULL,0,'2025-04-16 15:24:32',1),(443,712,'Тебе че 20 лет????',NULL,0,'2025-04-16 15:24:58',1),(444,714,'друг, у тебя нефтепроизводные на твоём кофе',NULL,3,'2025-04-16 15:25:24',4),(445,712,'Я просто думал ты давно уже доки закинула',NULL,0,'2025-04-16 15:25:30',1),(446,718,'СЛАВА БОГУ Z🙏 ❤ СЛАВА Z🙏 ❤ АНГЕЛА ХРАНИТЕЛЯ Z КАЖДОМУ ИЗ ВАС 🙏 ❤ БОЖЕ ХРАНИ Z 🙏 ❤ СПАСИБО ВАМ НАШИ СВО 🙏 ❤🇷🇺 ХРОНИ ZOV✊ 🇷🇺 💯',NULL,0,'2025-04-16 18:40:48',2),(447,717,'сасай',NULL,1,'2025-04-16 18:41:14',2),(448,713,'чвк фитфия',NULL,0,'2025-04-16 18:41:41',2),(449,717,'408 комната 7 общежите - секс по телефону',NULL,1,'2025-04-16 19:17:18',2),(450,719,'фото обрезаются фак ит ви болл(((',NULL,0,'2025-04-17 05:25:14',69),(451,719,'gm',NULL,0,'2025-04-17 06:55:37',2),(452,719,'We good',NULL,0,'2025-04-17 16:23:02',1),(453,718,'Аааээ',NULL,0,'2025-04-17 16:23:18',1),(454,721,'бильярд будет?',NULL,1,'2025-04-17 18:47:56',69),(455,723,'а можно в клуб',NULL,0,'2025-04-17 19:29:55',47),(456,723,'(на сборе любителей лизы кениг)',NULL,0,'2025-04-17 19:30:19',26),(457,723,'ЧЕБАмяу, ты автоматически в нем',NULL,2,'2025-04-17 19:30:39',26),(458,723,'нихуя это че за подвал затеганный?',NULL,0,'2025-04-17 19:38:53',54),(459,723,'это не подвал…',NULL,0,'2025-04-17 19:43:03',47),(460,723,'Это спот такой место местечко точнчка такая некая',NULL,0,'2025-04-17 21:35:33',1),(461,724,'крайне одобряю внеплановые сборы клуба лизы кепик',NULL,1,'2025-04-18 09:44:26',26),(462,724,'мы в боулинг играем или чё? какая лиза кегля???',NULL,2,'2025-04-18 10:37:53',2),(463,725,'Не уставать не уставать',NULL,2,'2025-04-18 10:53:25',1),(464,727,'R.I.P. Паше Технику',NULL,1,'2025-04-18 23:39:49',2),(465,729,'Возвращение легенды',NULL,0,'2025-04-20 10:00:10',1),(466,730,'выздоравливай',NULL,10,'2025-04-20 21:22:56',2),(467,712,'jkjkj\n\n\n\nklk',NULL,0,'2025-04-21 18:00:13',2),(468,712,'jkjkj\n\n\n\nklk',NULL,0,'2025-04-21 18:00:22',2),(469,712,'jkjkj\n\n\n\nklk',NULL,0,'2025-04-21 18:00:23',2),(470,712,'jkjkj\n\n\n\nklk',NULL,0,'2025-04-21 18:00:24',2),(471,712,'jkjkj\n\n\n\nklk',NULL,0,'2025-04-21 18:00:25',2),(472,712,'jkjkj\n\n\n\nklk',NULL,0,'2025-04-21 18:00:31',2),(473,712,'jkjkj\n\n\n\nklk',NULL,0,'2025-04-21 18:00:32',2),(474,712,'jkjkj\n\n\n\nklk',NULL,0,'2025-04-21 18:00:32',2),(475,712,'jkjkj\n\n\n\nklk',NULL,0,'2025-04-21 18:00:32',2),(476,712,'jkjkj\n\n\n\nklk',NULL,0,'2025-04-21 18:00:32',2),(477,736,'С днем рождения, Федя!',NULL,0,'2025-04-22 14:16:21',2),(478,739,'ебанёшься просто, я вахуи',NULL,1,'2025-04-22 21:33:48',4),(479,741,'ну ахцеть',NULL,0,'2025-04-23 09:46:36',6),(480,731,'я очень хочу куличь',NULL,0,'2025-04-23 09:47:23',6),(481,742,'no cap no cap for real elizaveta cap goat',NULL,2,'2025-04-23 16:47:02',2),(482,742,'no cap no cap for real elizaveta cap goat',NULL,3,'2025-04-23 16:47:02',2),(483,739,'Норм, пойдет',NULL,0,'2025-04-23 19:20:06',2),(484,746,'сцуууко',NULL,0,'2025-04-27 09:17:16',2),(485,747,'неееееет',NULL,0,'2025-04-27 10:41:27',2),(486,747,'мои голоса вконтакте',NULL,0,'2025-04-27 10:44:43',2),(487,748,'красива',NULL,0,'2025-04-27 13:15:31',8),(488,748,'Оч круто',NULL,0,'2025-04-27 16:53:19',2),(489,747,'ПХПХПХАХ',NULL,0,'2025-04-27 16:53:37',2),(490,750,'долбаёб, пиши как-то и что-то с дефисом',NULL,1,'2025-04-27 17:23:19',2),(491,748,'это Эльза из холодного сердца?',NULL,1,'2025-04-27 17:23:51',2),(492,750,'хорошо 🙌🏻',NULL,1,'2025-04-27 17:26:15',26),(493,749,'лет ми ду ит фо ю',NULL,0,'2025-04-27 17:59:37',2),(494,750,'продуктивно',NULL,1,'2025-04-27 20:36:39',8),(495,752,'едим говно с братаном…\nя и он…\nсхватили ртом….',NULL,1,'2025-04-28 13:32:42',2);
/*!40000 ALTER TABLE `Comment` ENABLE KEYS */;
UNLOCK TABLES;

--
-- Table structure for table `Nsu`
--

DROP TABLE IF EXISTS `Nsu`;
/*!40101 SET @saved_cs_client     = @@character_set_client */;
/*!50503 SET character_set_client = utf8mb4 */;
CREATE TABLE `Nsu` (
  `idNsuUser` int NOT NULL AUTO_INCREMENT,
  `realName` varchar(100) NOT NULL,
  `email` varchar(100) NOT NULL,
  `group` varchar(10) NOT NULL,
  `hasLogined` tinyint(1) NOT NULL DEFAULT '0',
  PRIMARY KEY (`idNsuUser`),
  UNIQUE KEY `email` (`email`)
) ENGINE=InnoDB AUTO_INCREMENT=78 DEFAULT CHARSET=utf8mb4 COLLATE=utf8mb4_0900_ai_ci;
/*!40101 SET character_set_client = @saved_cs_client */;

--
-- Dumping data for table `Nsu`
--

LOCK TABLES `Nsu` WRITE;
/*!40000 ALTER TABLE `Nsu` DISABLE KEYS */;
INSERT INTO `Nsu` VALUES (1,'FUCKER','fuckingdoneit@sigma.ru','23215',0),(2,'','','',0),(3,'Артем','palase228lolkek@gmail.com','23216',0),(4,'123','artiomka223@gmail.com','123',0),(5,'Sergei','s.rebrin@g.nsu.ru','student ',0),(6,'Кристина','k.borodulina@g.nsu.ru','student',0),(8,'настя','a.pakhnina@g.nsu.ru','student',0),(9,'Porno','hui@gmail.com','23216',0),(12,'ochir','gmail@gmail.com','23216',0),(13,'ochir','ochir@gmail.com','23216',0),(14,'mark','m.gulev@g.nsu.ru','student',0),(25,'sonya ','s.sidorenko0@gmail.com','24215',0),(26,'sonya','sonyasidorenko0@gmail.com','24215',0),(27,'Егор','egor.chernyak.00@mail.ru','student',0),(28,'Denis','d.malinovskii@g.nsu.ru','22206',0),(29,'Гарик','i.s.djachenko@gmail.com','15226',0),(30,'Aya','kongaaaya@aicloud.com','24215',0),(31,'Ochir','govno@gmail.com','23216',0),(32,'dasha ','d.kolesnikova1@g.nsu.ru','24206',0),(33,'Margarita ','m.rybalko@g.nsu.ru','24206',0),(34,'Vlad Korolev','v.korolev@g.nsu.ru','22201',0),(35,'Govno','govno3@gmail.com','23166',0),(37,'Igor','i.mangarakov@g.nsu.ru','22209',0),(38,'Мария','m.zolotukhina@g.nsu.ru ','23406.1',0),(39,'Ekaterina','e.kutuzova@g.nsu.ru','Student',0),(40,'Atamanov Yuri','Uraatamanov9@gmail.com ','23301',0),(41,'Artyom Dubrovin','catharsis.cucumberch@gmail.com','Student',0),(42,'Alexander','a.dudaev@g.nsu.ru','14207',0),(43,'Null','deudeuka@rtx.hui','2344',0),(44,'Alexander','sxrose1.o@gmail.com','student',0),(45,'Жировичок','huh','20504',0),(46,'Alex','a.matyash@g.nsu.ru','Student',0),(47,'Анна','msansdudu@mail.ru','23215',0),(48,'Гриша','g.chernikov@g.nsu.ru','23215',0),(49,'erygykljTdfghfdruoHdklfguiElkdjfifjiodiofNdilhfTpiufiefEdsflihiuhRsdfoilfhgNsdf;ijghiodgEerlighue8rh','v.bochkarevvlad23@gmail.com','1488',0),(52,'Vladislav','v.munkuev@g.nsu.ru','24215',0),(53,'Артём','a.efimov1@g.nsu.ru','23223',0),(54,'Egor Kapov','555tery@gmail.com','23215',0),(55,'Ildar','filimonqqq@yandex.ru','23215',0),(56,'JHviv','gavno79678@mail.ru','21356',0),(57,'Екатерина','katya.sokhareva@mail.ru','student',0),(58,'Vyacheslav','v.lagerev@g.nsu.ru','22203',0),(59,'Виктория','v.mikhailova3@g.nsu.ru','23804',0),(60,'Declan Rice','damdyxa@gmail.com','student',0),(61,'Zyganov Alex','vanamokanov8@gmail.com','23213',0),(63,'Anuar','alkalacov@gmail.com','student',0),(64,'Павел','p.borodin1@g.nsu.ru','22503',0),(66,'Bogdan','b.martynov@g.nsu.ru','student',0),(67,'настя','a.gaponenko1@g.nsu.ru','student',0),(68,'Djsj','hell@hell.hell','Jsjdh',0),(69,'Fedor','fedor.alekseev@yandex.ru','student ',0),(70,'Ignat','aretemiikantserov@gmail.com','3383',0),(71,'ТИХОМИР ЖИДКОПЁРД','a.grachev1@g.nsu.ru','?',0),(73,'roman','r.kalinnikov@g.nsu.ru','23137',0),(74,'Никита','n.kochanov@g.nsu.ru','23215',0),(75,'helloworld!','helloworld!','helloworld',0),(76,'Артём Дунаев муда4','kozubenkoe40@gmail.com','24208',0),(77,'Vlad Munkev','i.kiryushin@g.nsu.ru','20215',0);
/*!40000 ALTER TABLE `Nsu` ENABLE KEYS */;
UNLOCK TABLES;

--
-- Table structure for table `Post`
--

DROP TABLE IF EXISTS `Post`;
/*!40101 SET @saved_cs_client     = @@character_set_client */;
/*!50503 SET character_set_client = utf8mb4 */;
CREATE TABLE `Post` (
  `idPost` int NOT NULL AUTO_INCREMENT,
  `content` text NOT NULL,
  `images` text,
  `tags` varchar(255) DEFAULT NULL,
  `createdAt` datetime DEFAULT CURRENT_TIMESTAMP,
  `views` int DEFAULT '0',
  `likes` int DEFAULT '0',
  `createdByIdUser` int NOT NULL,
  PRIMARY KEY (`idPost`),
  KEY `createdByIdUser` (`createdByIdUser`),
  CONSTRAINT `Post_ibfk_1` FOREIGN KEY (`createdByIdUser`) REFERENCES `Users` (`idUser`) ON DELETE CASCADE
) ENGINE=InnoDB AUTO_INCREMENT=754 DEFAULT CHARSET=utf8mb4 COLLATE=utf8mb4_0900_ai_ci;
/*!40101 SET character_set_client = @saved_cs_client */;

--
-- Dumping data for table `Post`
--

LOCK TABLES `Post` WRITE;
/*!40000 ALTER TABLE `Post` DISABLE KEYS */;
INSERT INTO `Post` VALUES (1,'hell','',NULL,'2025-04-02 23:09:28',0,0,1),(2,'FUCKING DONE IT','','hell','2025-04-02 23:10:03',0,0,1),(3,'test','',NULL,'2025-04-02 23:17:24',0,0,1),(4,'hell driver','',NULL,'2025-04-02 23:25:08',0,0,1),(6,'t','',NULL,'2025-04-02 23:29:14',0,0,1),(7,'t','/uploads/1743626193-96666155-image-1743626191230-0.jpeg',NULL,'2025-04-02 23:36:33',0,1,1),(8,'test','/uploads/1743626215-991540733-video-1743626214846-0.mp4',NULL,'2025-04-02 23:36:55',0,0,1),(9,'hell','/uploads/1743626779-775559335-video-1743626769953-0.mp4,/uploads/1743626779-74282468-video-1743626769963-1.mp4',NULL,'2025-04-02 23:46:19',0,2,1),(10,'С Очиром не геи','/uploads/1743628156-53511563-image-1743628153823-0.jpeg,/uploads/1743628156-257200120-image-1743628153848-1.jpeg,/uploads/1743628156-354642318-image-1743628153877-2.jpeg',NULL,'2025-04-03 00:09:16',0,32,1),(11,'Ой, Ленка, знаешь что, щас такое расскажу Всю жизнь вам врали. Всё что вы знали о... Когда я молод был совсем, к пятнадцати годам... Ребята не стоит вскрывать эту тему. Вы пока что живые, шутливые, вам все легко. Это не то. Это не мясосибирский разрез и даже не архивы Озверелых. Сюда лучше не лезть. Серьезно, любой из вас будет жалеть. Лучше закройте тему и забудьте что тут писалось. Я вполне понимаю что данным сообщением вызову дополнительный интерес, но хочу сразу предостеречь пытливых - стоп. Остальных просто не найдут. Дико извеняюс пробегал кобанчиком увидел ваш пост чё тут, АХАХХААХ бляяя 20+ лет мужикам сидият  посты анонимно пишут, я в ваших годах уже старший слесарь был)) ладно до встречи Задроты бляя))) Добрый вечер, дорогой друг Спешу тебе сообщить, что на тебя заказали ДЕАНОН Сейчас я перечислю, какая участь ждет тебя: — Твои родители узнают о том, как ты общаешься с людьми в интернете, будут слиты переписки в которых ты оскорбляешь людей; — Будет каждый вечер на протяжении 30 дней происходить ДОЗВОН твоих родителей и твоего учебного учреждения. МЫ ДАЁМ ГАРАНТИЮ, ЧТО ВСЕ ВЫШЕ ПЕРЕЧИСЛЕННОЕ НЕ ОТНОСИТСЯ К ЭТОМУ ПРИЛОЖЕНИЮ, ПИШИТЕ НЕ ОТ СВОЕГО ЛИЦА ЧТО ХОТИТЕ. Вам понадобится: один телефон, немного фантазии(или реальная история, о которой нельзя молчать) и две минуты чтобы написать пост. А ещё пластиковая трубка, гранулированный порох, синяя изол... Чел, я хз как делают другие, но я пишу анонимные посты в сигме про типо смешные истории и сплетни. Я ирл и я в сигме это максимально два разных человека. Все текста выдуманные больными головами авторов. Совпадения случайны. Не призываем ни к чему.','','ПП','2025-04-03 17:36:08',0,0,1),(12,'Лалала','','ПП,мама очира,паста про говно','2025-04-03 17:57:57',0,2,1),(13,'Какака','','максимум,максим,василиса,георгий','2025-04-03 18:00:04',0,1,1),(15,'Еду бухать в баню, нужны бал, кидайте фото в комменты','/uploads/1743700530-872401090-video-1743700526794-0.mp4',NULL,'2025-04-03 20:15:30',0,1,3),(16,'В ВАШЕМ ТЕЛЕФОНЕ📱📲📲📲ЖУКИ ‼️🪲‼️🪲🪲🚫СРОЧНО‼️УДАЛИТЕ🚫📲📲ВАЦАП🚫','',NULL,'2025-04-03 20:17:59',0,3,4),(17,'Я артем дрочи, на коляна пока он спит','/uploads/1743700753-817531856-video-1743700746167-0.mp4',NULL,'2025-04-03 20:19:13',0,3,3),(18,'бля пиздец ребятки ','','емае','2025-04-03 20:28:47',0,5,6),(19,'Tramballonni','',NULL,'2025-04-03 20:28:58',0,4,5),(22,'ребята вы такие молодцы ','','бляхамуха','2025-04-03 20:34:11',0,0,6),(23,'я поняла','',NULL,'2025-04-03 20:35:00',0,0,6),(25,'<3','/uploads/1743701741-30907194-image-1743701740058-0.jpeg',NULL,'2025-04-03 20:35:41',0,0,5),(31,'🙋🏻‍♂️','/uploads/1743701757-379727210-image-1743701743174-0.jpeg',NULL,'2025-04-03 20:35:57',0,0,8),(32,'Ваня скинул хуй','/uploads/1743701799-296244252-image-1743701797207-0.jpeg',NULL,'2025-04-03 20:36:39',0,0,9),(33,'пупупуп','','мы крутые','2025-04-03 20:46:48',0,0,6),(34,'G','',NULL,'2025-04-03 20:46:52',0,0,5),(35,'залупа','','работ','2025-04-03 20:47:01',0,0,8),(36,'Лучшие❤️❤️❤️','',NULL,'2025-04-03 21:03:24',0,0,5),(39,'мы','/uploads/1743703633-724339546-image-1743703630008-0.jpeg','кристинанастя','2025-04-03 21:07:13',0,12,8),(40,'емае','','кристинанастя','2025-04-03 21:09:06',0,1,2),(41,'лайк','','кристинанастя','2025-04-03 21:09:45',0,0,6),(45,'Г','/uploads/1743703819-236942163-video-1743703813228-0.mp4',NULL,'2025-04-03 21:10:19',0,0,5),(47,'важный','/uploads/1743703936-246782567-image-1743703934940-0.jpeg','кристинанастя','2025-04-03 21:12:16',0,0,8),(48,'Н','/uploads/1743703959-975267001-video-1743703902536-0.mp4',NULL,'2025-04-03 21:12:39',0,0,5),(50,'очир','/uploads/1743704077-618184447-image-1743704068819-0.jpeg,/uploads/1743704077-235782978-image-1743704068853-1.jpeg','кристинанастя','2025-04-03 21:14:37',0,1,8),(51,'очир','/uploads/1743704080-311804796-image-1743704071878-0.jpeg,/uploads/1743704080-19980055-image-1743704071913-1.jpeg','кристинанастя','2025-04-03 21:14:40',0,0,8),(52,'Д','/uploads/1743704102-399654830-video-1743704094646-0.mp4,/uploads/1743704102-996058178-video-1743704094894-1.mp4',NULL,'2025-04-03 21:15:02',0,0,5),(53,'Д','/uploads/1743704114-152538296-video-1743704099334-0.mp4,/uploads/1743704114-16840480-video-1743704099565-1.mp4',NULL,'2025-04-03 21:15:14',0,3,5),(54,'Аотаококткьптбстбстбатбат.аобсобаибврбарбао.ст.атбаобарбаобао.ао.аобаобаоюкоюпоюаоюаоюуобкоюкоюаоюкоюкгбвобврбврбунбвнбврбврбундунбунбунбурбундындынлцещ5двнду','',NULL,'2025-04-03 21:16:58',0,2,5),(55,'блять я тупая, я выучила топик на английский, а оказывается его задали на следующую неделю','','кристинанастя','2025-04-03 22:02:09',0,5,8),(56,'мы дома кста','','кристинанастя','2025-04-03 22:02:37',0,3,8),(57,'https://t.me/uuvaioo','','кристинанастя','2025-04-03 22:59:47',0,0,8),(60,'с доброй утрой ','','кристинанастя','2025-04-04 04:19:04',0,2,8),(61,'мы пришли не пару','','кристинанастя','2025-04-04 04:58:40',0,1,8),(62,'ребята, всем с добрым утром. как у вас настроение?','','кристинанастя','2025-04-04 04:59:21',0,0,6),(63,'у меня отлично кристина твои как','','кристинанастя','2025-04-04 06:39:48',0,1,8),(64,'цой пидорас и хуесос','/uploads/1743741888-984132679-image-1743741881466-0.jpeg',NULL,'2025-04-04 07:44:48',0,0,4),(65,'ÉSTO ES MEJOR QUE TODO🤥🍄🍄✨️','',NULL,'2025-04-04 07:50:31',0,0,4),(66,'кто такой алекс про????','',NULL,'2025-04-04 07:59:33',0,3,8),(67,'бля ребята мне столько доков на стажировку собирать надо пиздееец','','кристинанастя','2025-04-04 07:59:58',0,2,6),(68,'бедни','',NULL,'2025-04-04 08:00:23',0,1,8),(69,'никакого алекспро не существует. Удалите вацап пожлст','',NULL,'2025-04-04 09:06:29',0,3,4),(70,'как вы ник поменяли лол','',NULL,'2025-04-04 10:13:36',0,1,8),(71,'AlexPRO','',NULL,'2025-04-04 10:56:47',0,0,4),(73,'лекция','/uploads/1743754586-373449889-image-1743754585533-0.jpeg','кристинанастя','2025-04-04 11:16:26',0,4,8),(74,'pizdec 4o za huinya bespoleznaya','',NULL,'2025-04-04 12:18:37',0,4,4),(75,'говно','','говно','2025-04-04 13:13:07',0,0,13),(76,'В ВАШЕМ ТЕЛЕФОНЕ📱📲📲📲ЖУКИ ‼️🪲‼️🪲🪲🚫СРОЧНО‼️УДАЛИТЕ🚫📲📲ВАЦАП🚫','','В ВАШЕМ ТЕЛЕФОНЕ📱📲📲📲ЖУКИ ‼️🪲‼️🪲🪲🚫СРОЧНО‼️УДАЛИТЕ🚫📲📲ВАЦАП🚫','2025-04-04 14:27:45',0,3,14),(77,'5555','','55555','2025-04-04 14:28:01',0,8,2),(108,'Ага, работает','',NULL,'2025-04-05 19:03:32',0,0,1),(110,'все работает','','кристинанастя','2025-04-05 19:31:54',0,2,6),(111,'111','/uploads/image-1743870887179-0.jpeg','111','2025-04-05 19:34:47',0,1,14),(112,'ч убьую себч  ровно в полночь κτο προφυταλ τοτ ςδοχηετ','','1,2,3,4,5,6','2025-04-05 19:36:19',0,1,2),(113,'1,2,3,4,','','','2025-04-05 19:37:01',0,2,2),(116,'{{7*\'7\'}}','','{{7*\'7\'}}','2025-04-05 19:41:00',0,0,14),(117,'это я седня ждала кристину и смотрела беременна в 45','/uploads/image-1743871258790-0.jpeg','кристинанастя','2025-04-05 19:41:00',0,6,8),(118,'ij','/uploads/image-1743871771502-0.png,/uploads/image-1743871771503-1.png,/uploads/image-1743871771509-2.png,/uploads/image-1743871771520-3.png',NULL,'2025-04-05 19:49:31',0,0,14),(119,'видеотест','/uploads/video-1743871965494-0.mp4',NULL,'2025-04-05 19:52:49',0,0,14),(120,'7777','/uploads/video-1743872107022-0.mp4','77777','2025-04-05 19:55:08',0,0,2),(121,'j̵̨̻͍̻̤̩͒̾̅͊̾́̈́̿̚͝ͅ the the j̵̨̻͍̻̤̩͒̾̅͊̾́̈́̿̚͝ͅj̵̨̻͍̻̤̩͒̾̅͊̾́̈́̿̚͝ͅj̵̨̻͍̻̤̩͒̾̅͊̾́̈́̿̚͝ͅj̵̨̻͍̻̤̩͒̾̅͊̾́̈́̿̚͝ͅj̵̨̻͍̻̤̩͒̾̅͊̾́̈́̿̚͝ͅj̵̨̻͍̻̤̩͒̾̅͊̾́̈́̿̚͝ͅj̵̨̻͍̻̤̩͒̾̅͊̾́̈́̿̚͝ͅj̵̨̻͍̻̤̩͒̾̅͊̾́̈́̿̚͝ͅj̵̨̻͍̻̤̩͒̾̅͊̾́̈́̿̚͝ͅj̵̨̻͍̻̤̩͒̾̅͊̾́̈́̿̚͝ͅj̵̨̻͍̻̤̩͒̾̅͊̾́̈́̿̚͝ͅj̵̨̻͍̻̤̩͒̾̅͊̾́̈́̿̚͝ͅj̵̨̻͍̻̤̩͒̾̅͊̾́̈́̿̚͝ͅj̵̨̻͍̻̤̩͒̾̅͊̾́̈́̿̚͝ͅj̵̨̻͍̻̤̩͒̾̅͊̾́̈́̿̚͝ͅj̵̨̻͍̻̤̩͒̾̅͊̾́̈́̿̚͝ͅj̵̨̻͍̻̤̩͒̾̅͊̾́̈́̿̚͝ͅj̵̨̻͍̻̤̩͒̾̅͊̾́̈́̿̚͝ͅj̵̨̻͍̻̤̩͒̾̅͊̾́̈́̿̚͝ͅ','','j̵̨̻͍̻̤̩͒̾̅͊̾́̈́̿̚͝ͅj̵̨̻͍̻̤̩͒̾̅͊̾́̈́̿̚͝ͅj̵̨̻͍̻̤̩͒̾̅͊̾́̈́̿̚͝ͅj̵̨̻͍̻̤̩͒̾̅͊̾́̈́̿̚͝ͅj̵̨̻͍̻̤̩͒̾̅͊̾́̈́̿̚͝ͅj̵̨̻͍̻̤̩͒̾̅͊̾́̈́̿̚͝ͅ','2025-04-05 19:55:40',0,0,14),(123,'gif','/uploads/image-1743872304766-0.gif',NULL,'2025-04-05 19:58:16',0,0,2),(150,'НЕЖНЫЙ И ВЛАЖНЫЙ МАННИК','/uploads/image-1743873485698-0.jpeg',NULL,'2025-04-05 20:18:07',0,1,4),(151,'химичим','/uploads/image-1743873744274-0.jpeg','кристинанастя','2025-04-05 20:22:28',0,0,8),(152,'хочется кого то травмировать','','тралалело\" OR 1=1','2025-04-05 20:22:52',0,1,4),(153,'breaking bad знаете? мы снимали','',NULL,'2025-04-05 20:23:41',0,0,8),(154,'бариста анжелика так то рихуёвый варик','','а\' OR 1=1','2025-04-05 20:24:02',0,1,4),(156,'!+×÷=/@_<[#]%)^)*#&@^^**??,-:\"\"-`~\\|°•¿¡','','!+×÷=/@_<[#]%)^)*#&@^^**??,-:\"\"-`~\\|°•¿¡','2025-04-05 20:33:00',0,0,4),(157,'▶︎•၊၊||၊|။||||။၊|။|||။||| 0:53','','9274807836','2025-04-05 20:33:41',0,0,4),(163,'ааа','','ㅤ','2025-04-05 21:17:14',0,0,4),(166,'','/uploads/image-1743877164011-0.jpeg',NULL,'2025-04-05 21:19:38',0,0,4),(167,'так так та','','1 2 3,4;5:6\\7\\n8','2025-04-05 21:20:55',0,1,4),(168,'ooo','','1','2025-04-05 22:03:52',0,0,4),(169,'test1','','','2025-04-05 22:05:33',0,0,4),(172,'лакн сли ен гей','/uploads/image-1743887510725-0.jpeg',NULL,'2025-04-06 00:12:08',0,1,4),(180,'hell','',NULL,'2025-04-06 12:04:26',0,0,2),(181,'test','/uploads/image-1743932078105-0.jpeg,/uploads/image-1743932078106-1.jpeg','hell yea','2025-04-06 12:34:40',0,0,2),(184,'нажмите на большую сигму чтобы открыть боковое меню\nнажмите маленькую сигму чтобы запостить высер','/uploads/image-1743951449758-0.png','обучалкин','2025-04-06 17:57:29',0,0,4),(186,'12345','',NULL,'2025-04-06 18:48:58',0,1,2),(187,'всем привет','',NULL,'2025-04-06 18:54:51',0,1,2),(188,'пощу высер по туториалу','',NULL,'2025-04-06 19:01:16',0,2,26),(190,'ваня грачев сказал запостить','/uploads/image-1743955917223-0.jpeg',NULL,'2025-04-06 19:12:05',0,9,26),(191,'урв сигма!!! наконец то нгу сделали имбу!','','кристинанастя','2025-04-06 19:14:53',0,4,6),(193,'Я люблю сережу','',NULL,'2025-04-06 19:34:24',0,1,31),(194,'я очень люблю лизу кениг','',NULL,'2025-04-06 19:38:58',0,1,26),(195,'я тоже люблю лизу кениг','',NULL,'2025-04-06 19:39:15',0,1,2),(196,'Fuck it','/uploads/image-1743958695255-0.jpeg','Staff','2025-04-06 19:58:29',0,1,1),(197,'Fuck it','/uploads/image-1743958695904-0.jpeg','Staff','2025-04-06 19:58:33',0,4,1),(200,'клуб любителей лизы кениг','/uploads/image-1743958835288-0.jpeg,/uploads/image-1743958835301-1.jpeg','лизакениг','2025-04-06 20:01:01',0,7,26),(201,'Давалка','/uploads/image-1743958859030-0.jpeg','Пп','2025-04-06 20:01:11',0,6,1),(202,'Привет','',NULL,'2025-04-06 20:08:56',0,2,2),(204,'сбор клуба любителей лизы кениг','/uploads/image-1743959345138-0.jpeg',NULL,'2025-04-06 20:09:08',0,3,26),(206,'это кто ?','/uploads/image-1743959747833-0.jpeg',NULL,'2025-04-06 20:15:53',0,9,26),(207,'выбирайте','/uploads/image-1743962361640-0.jpeg',NULL,'2025-04-06 20:59:29',0,4,26),(208,'клуб любителей лизы кениг переехал на улицу','/uploads/image-1743971360614-0.jpeg',NULL,'2025-04-06 23:29:25',0,5,26),(209,'Sosal?','',NULL,'2025-04-07 01:07:17',0,1,37),(210,'МЫ УЧИМ КИТАЙСКИЙ','/uploads/image-1743996678086-0.jpeg','кристинанастя','2025-04-07 06:31:19',0,7,8),(213,'Маленькая сигма','',NULL,'2025-04-07 08:29:08',0,6,41),(215,'ставь лайк если тобой нельзя манипулировать','',NULL,'2025-04-07 08:41:23',0,9,14),(216,'','/uploads/image-1744006333197-0.mp4','Shitpost','2025-04-07 09:12:13',0,4,41),(218,'Пост, чтобы лайком выразить благодарность людям, которые оставляют ответы в учебниках (((особенно по английскому)))','',NULL,'2025-04-07 09:43:28',0,12,39),(219,'Я не пошел на пары','',NULL,'2025-04-07 10:12:47',0,6,37),(220,'красава','',NULL,'2025-04-07 10:39:30',0,2,2),(221,'покупайте аватарки за 50 рублей','',NULL,'2025-04-07 10:43:18',0,3,2),(222,'мистер гундос','/uploads/image-1744020891714-0.jpeg',NULL,'2025-04-07 13:14:52',0,8,2),(223,'я даун','',NULL,'2025-04-07 13:22:07',0,2,2),(224,'Самый лучший мальчик','/uploads/image-1744021451651-0.jpeg','Очир','2025-04-07 13:24:13',0,5,2),(225,'чдкд','',NULL,'2025-04-07 13:49:42',0,1,2),(226,'щащащащащащщащащащащащщащаща','',NULL,'2025-04-07 13:54:39',0,1,2),(231,'Пиздец как скучно…','/uploads/image-1744027992362-0.jpeg',NULL,'2025-04-07 15:13:19',0,3,2),(232,'йоу','/uploads/image-1744028283604-0.jpeg',NULL,'2025-04-07 15:18:05',0,6,8),(233,'Попытки SQL-ильекций','/uploads/image-1744029586568-0.png','???','2025-04-07 15:39:47',0,5,2),(234,'ФИТ ФИЯ','',NULL,'2025-04-07 16:39:59',0,3,2),(235,'Вот что мне нравится в США - это культура сосания пива. В России в последние годы я чувствовал себя неуютно: везде этот ебаный зож. Какие-то пидорасы все время ебут тебе мозг, что они больше не пьют и стали счастливыми! Какие-то хуесосы наркологи орут с ютуба, что пора бросать или сопьешься. Короче, типа если ты алкаш, то ты скуф, тебя лечить надо. На пивных элементалей, типа меня, все всегда смотрели с неуважением, а бабы с презрением. А тут все наоборот. Пить пиво по к/д не возбраняется вообще. В некоторых штатах я мужиков без банки в руках и не видел. И все выглядят как скуфы и все насрать на это. В холодильнике всегда должно быть несколько сикс паков, 5-6 банок в день - это норма, по сути пиво заменяет тут воду. И никакого осуждения. Класс.','/uploads/image-1744034884034-0.jpeg',NULL,'2025-04-07 17:08:09',0,0,2),(236,'Наконец выходит новая часть асассинс крид, называться будет шадоус. Не могу дождаться выхода, хотя остались буквально сутки (советую купить ранний доступ и приступить к игре раньшьше нищих крестьян). Для меня это главный релиз года! И вот почему: нас ждет невероятное приключение с элементами стелса, наполненное при этом стремительным экшеном. Боевка выглядит впечатляюще. В игре будет сразу два героя. Смертоносная баба и вероломный черный самурай. Ожидается сюжет. Хайп невероятный, давно не испытывал такой тряски перед выходом игры. Пиздятина.','/uploads/image-1744034937643-0.jpeg',NULL,'2025-04-07 17:09:00',0,1,2),(237,'Знаете, что я хочу сказать? Темнокожие женщины отличные. Как и латиноамериканки. А вот азиатки мне теперь кажутся душными и расчетливыми. Они сначала подмазываются, а потом очень интересуются вашими деньгами, в том время как Джошанда будет вам варить борщи и дарить любовь. Русские же бабы вам вообще нихуя не дадут. Думайте.','/uploads/image-1744035004081-0.jpeg',NULL,'2025-04-07 17:10:07',0,1,2),(238,'Стенография одного чувака: \nАлиэкспресс? А чё про него рассказывать? Заходишь в маечки, смотришь отзывы баб, да дрочишь. Колготки глядишь с бабами, тоже ничего бывает. Бывают жирухи, бывают нормальные. Я на алиэкспрессе смотрю отзывы баб. Как-то наткнулся на отзывы об хуях резиновых, типа \"да, я сегодня с ним ебалась, он такой мягкий\", а я сразу подумал: \"АЪАВЭАДЖАЭДЖВЫА ВОТ БЫ БЫЛ Я ТАМ ВМЕСТО РЕЗИНОВОГО ХУЯ ТЫ БЫ ВСЁ ПОНЯЛА\"','/uploads/image-1744035066096-0.jpeg',NULL,'2025-04-07 17:11:09',0,2,2),(239,'Прикиньте, как жили кони. Вот когда не было машин и надо было кому-то ехать из Петербурга в Москву. Ездили на конях. И я думаю, что они пиздец как охуевали. Типа это уже не весёлый образ конного спорта, в котором девочка на коне хуярит по трассе. \nИ вот на тебя садится пидор какой-то и хуярит шпорами тебя. Причём, так прикольно, что в конной культуре есть шпоры, а конь воспринимается, как друг, несмотря на это. \nТипа коня хуярят шпорами, чтобы он быстрее бежал. Это как если бы у вас был электроошейник на физре и физрук бы вас подстёгивал разрядами тока. \nА мужик такой встаёт с коня, и говорит ему: \"Ну, мой конь вороной, мы с тобой ещё пройдём сто дорог...\", а конь бы подумал: \"да нахуй мне это надо? Я хочу пастись, траву есть, кобылиц ебать. Я не хочу шпорами в рёбра получать, сука\"','/uploads/video-1744035167342-0.quicktime',NULL,'2025-04-07 17:13:25',0,1,2),(240,'Прикиньте, как жили кони. Вот когда не было машин и надо было кому-то ехать из Петербурга в Москву. Ездили на конях. И я думаю, что они пиздец как охуевали. Типа это уже не весёлый образ конного спорта, в котором девочка на коне хуярит по трассе. \nИ вот на тебя садится пидор какой-то и хуярит шпорами тебя. Причём, так прикольно, что в конной культуре есть шпоры, а конь воспринимается, как друг, несмотря на это. \nТипа коня хуярят шпорами, чтобы он быстрее бежал. Это как если бы у вас был электроошейник на физре и физрук бы вас подстёгивал разрядами тока. \nА мужик такой встаёт с коня, и говорит ему: \"Ну, мой конь вороной, мы с тобой ещё пройдём сто дорог...\", а конь бы подумал: \"да нахуй мне это надо? Я хочу пастись, траву есть, кобылиц ебать. Я не хочу шпорами в рёбра получать, сука\"','/uploads/video-1744035180795-0.quicktime',NULL,'2025-04-07 17:13:32',0,4,2),(241,'Я стал пивным алкашом. Не могу и дня без пива прожить. Так хорошо вечером вьебать холодного пива баночки четыре, а то и шесть. Сразу заебись становится. Мне даже уже похуй что я оскуфел, все просцал и так далее. Просто охуенно сосать пиво. Это лучше чем и с бабами ебаться или в каком-нибудь зале качаться. Какая на хуй разница кто ты, с кем ты, сколько зарабатываешь и как выглядишь, когда накачался пивом и сидишь, балдеешь.','/uploads/image-1744035580300-0.jpeg,/uploads/image-1744035580301-1.jpeg,/uploads/image-1744035580297-2.jpeg,/uploads/image-1744035580299-3.jpeg,/uploads/image-1744035580298-4.jpeg,/uploads/image-1744035580297-5.jpeg,/uploads/image-1744035580299-6.jpeg,/uploads/image-1744035580303-7.jpeg',NULL,'2025-04-07 17:19:44',0,3,2),(242,'Чуваки, у вас картинки во вложениях не листаются дальше третьей, по крайней мере у меня с предыдущим постом так, прикреплял я 8 разных там.','',NULL,'2025-04-07 17:22:54',0,2,2),(243,'Под предыдущим постом комментарий на 100 лайков.','',NULL,'2025-04-07 17:37:42',0,0,2),(244,'Фапреактор_раздел_\"смешное_порно\".','/uploads/image-1744036721997-0.jpeg,/uploads/image-1744036721998-1.jpeg',NULL,'2025-04-07 17:38:45',0,0,2),(245,'Ползунок справа не работает корректно.','/uploads/image-1744036882195-0.png',NULL,'2025-04-07 17:41:25',0,1,2),(246,'Полная и безнадёжная хуета. Завтра ожидаю от тебя до 23.00 по МСК сигну (с еблом и твоим паспортом) поверх аттеста об окончании тобой среднего образования или я выпиздну тебя отсюда по причине недостижения тобой 18 лет.','','долбаёбы','2025-04-07 17:48:51',0,1,4),(247,'Кстати, вы в курсе, что можно на телефоне добавить приложение на главный экран и оно типа уак приожение будет???','',NULL,'2025-04-07 17:50:08',0,3,2),(248,'Рил только что нажал поделиться => добавить на главный экран И У МЕНЯ ОНО ЗАПУСКАЕТСЯ КАК ПРИЛОЖЕНИЕ. PWA работает!!','','разъеб','2025-04-07 18:15:39',0,1,1),(249,'самопост залог успеха (предыдущий пост)👇👇👇\n\nкста, произошёл джава скрипт','/uploads/image-1744039665263-0.jpeg',NULL,'2025-04-07 18:27:46',0,1,4),(250,'пиздец, картинка обрезалась, что за говно','',NULL,'2025-04-07 18:29:28',0,1,4),(251,'','/uploads/image-1744040490039-0.png',NULL,'2025-04-07 18:41:32',0,1,2),(252,'А я видел вашу маму сегодня','','Сиськи,Зебись','2025-04-07 20:28:42',0,5,1),(253,'Подписки отключены в связи с техническими работами','','Staff','2025-04-07 21:27:44',0,0,2),(254,'Это я, кидавший 8 артов в одном посте ниже.\n\nВообще, в какой-то момент увлёкся просмотром артов подобного содержания, типа хоррибле дарк фентези и тд, хотел даже на обои поставить на ноуте что-нибудь, что-то недолго простояло, но оно слишком бросалось в глаза, вернул что-то приятное и нейтральное.\nЕщё я как-то несколько раз в днд играл, друг водил, вот он умел навести вот такой тягучей давящей жути, атмосферу создать как раз для дарк фентези подходящую, очень прикольно было.\n\nДа и антагонисты самые идейно интересные, которые мне понравились, как я заметил, тоже движимы одним лишь желанием человеческих страданий. Как много в этих двух словах. Пикрил 1 в том посте с артами это прям оно, прям сок.\n\n\nСейчас же я как-то остыл, уже, наверное, почти год думаю о том, что я не хочу умирать в итоге, лежать в земле через лет 60 это худшее. Сначала думал завещать своё тело науке, чтоб хоть как-то это отсрочить, стоя крутым скелетом где-нибудь или ещё что, не шарю за эту тему достаточно. Успокаивало. Недолго. Всё-таки я не хочу переставать существовать именно как субъект восприятия. То есть я не хочу лишиться возможности ДУМать/видеть/слушать и тд, общаться с людьми, к тому же я не люблю спать примерно из-за этого же, это банально скучно и ничего не поделать в это время. Возможно, у меня FOMO (Feeling Of Missing Out, погуглите, если что).\nТак вот, к чему я пришёл на данный момент. Сейчас я думаю, что даже быть мозгом в банке, но живым, лучше смерти и небытья. Прикинул так поверхностно вообще способ избежать смерти мозга или обойти это, спросил у гпт, чтоб не искать шизотеории по интернету самостоятельно, и, конечно же, фантастический перенос сознания и прочая хрень вряд ли идёт, потому что это энивей копия, а оригинальный ты остаёшься в своём теле и умираешь в конце концов. Я не биолог, но если мельчайшая деталь мозга это нейрон, то, если постепенно заменить их все на искусственные, то, в теории, можно получить мозг, который не умрёт от старости, при этом сохранив свои когнитивные способности и способности делать фоновую работу, которую мы напрямую не контролируем. Да, возникает вопрос \"остаёшься ли ты при этом \"человеком\"?\", откуда сразу же \"а что вообще делает нас людьми?\", но это уже точно детали реализации, а не зависимость от абстракции.','','Длиннотекст.','2025-04-07 23:46:45',0,4,2),(255,'Забыв обо всем, я закричал во всю глотку, проклиная небеса за то, что отняли у меня Алису. По моему испачканному говном лицу текут слезы отчаяния. Я рву на себе волосы, бью кулаками землю, но ничто из этого не может заглушить моё горе. Я посмотрел на мёртвую Алису. Несмотря на то, что её рыжие волосы стали наполовину коричневыми и большая часть лица была измазана анальной пастой, последней эмоцией, отразившейся на лице была безмятежность. Я ласково поцеловал её в коричневые губы, предварительно убрав изо рта самые большие кусочки кала, и прижал её голову к своей груди. Как мне теперь быть? Любовь всей моей жизни мертва, и я невольно стал её убийцей. Древние мудрецы оказались правы - благими намерениями устлана дорога в ад. Глядя на безмятежное лицо возлюбленной, я спрашиваю себя: \"Что сделать с её телом?\". Я смотрю на труп Алисы. Даже в смерти она была прекрасна. Следы крови, мочи и кала неспособны уменьшить привлекательность её гладко выбритой киски. Совесть, при желании, штука податливая, поэтому она молчит, когда в мою голову приходит эта идея. Я решил, как мне лучше всего почтить её память и ЧТО следует сделать с телом… \nАлиса была ещё теплая, когда я в неё вошёл. К моему удовольствию, она оказалась девственницей. Я был счастлив узнать, что именно я тот счастливчик, что сорвет эту розу,пусть даже от неё пахнет совсем не розами. Без всякой жалости я разрыва последнюю преграду на пути нашей любви, и трава под нами окрашивается в смесь красного, коричневого, жёлтого и зелёного. Я задираю футболку и срываю лифчик. Ваня ошибался, сиськи я все-таки нашёл. Я впиваюсь зубами в нежную плоть, невольно размызывая говно с моего лица по единственному оставшемуся чистым месту на теле Алисы. Я глажу её мягкие рыжие волосы. Если принюхаться, помимо аромата фекалий можно обнаружить слабый запах шампуня, которым она мыла голову. Постигая все грани мёртвого тела моей любимой, я постепенно ускоряю темп. Разгоняясь все быстрее и быстрее, я смотрю на её бледное лицо, выражение которого не изменяется, как бы сильно и нежно я не ласкал её. Мои глаза снова наполняют слезы, и вместо стонов удовольствия из моей глотки вырывается какое-то ослиное мычание. \n-ИИААА, ИИИАААА!!! - теперь я трахаю  её как пёс, жёстко и грубо, приближаясь к кульминации - ЙИОООООО, ИОЙЙЙЙОООООООО!!!!\nЯ почти готов, уже скоро… Что это? На секунду мне кажется, что губы Алисы немного дернулись. Чтобы снять наваждение, в последние минуты нашей любви я прильнул к ним в страсном поцелуе. Быстрее!!! Быстрее!!! Быстрее!!! Не прекращая поцелуя, я открываю глаза. Быстрее!!! Я хочу видеть её лицо, когда кончу. Быстрее!!! Я чувствую, что ещё несколько секунд, и мой \"Толстяк\" обрушится на её Хиросиму... Быстрее!!! Быстрее!!! БЫСТРЕЕ!!!!!!!! Я кончаю... Алиса открывает глаза... Стоп, ЧТО?!! Блять...\nСказать честно, я очень плохо помню, что было дальше. После произошедшего Алиса погрузилась в состояние шока и не произносила ни слова. Я тактично не стал утомлять её расспросами. Помывшись в каком-то ручье, мы дошли до отеля. Перед самым входом она спросила:\n-Что это было блять?\nНе зная, что ответить, я начал петь:\n-Words like violence, break the silence.\nОна посмотрела на меня как на ебанутого и ушла. На следующий день её увезли в больницу с попыткой суицида. Я погрустил немного, и забыл об этом случае.\nПрошло тринадцать лет. Тот случай иногда всплывал в голове, но в целом, это было не более, чем воспоминание. Но проблема в том, что тот случай подарил нам нечто большее, чем воспоминания. И сегодня этот подарок празднует свой тринадцатый день рождения. Так вот... Дорогие читатели, подскажите, как убедить судью, что отца ребёнка нельзя облагать алиментами, если при зачатии ты ебал его мать, будучи абсолютно уверен, что она мертва','',NULL,'2025-04-08 06:33:48',0,1,2),(256,'Весь следующий день я был сам не свой. Ребята прекрасно видели моё состояние и всячески издевались, отчего выражение моей и без того кислой физиономии становилось ещё кислее.  Оставшуюся часть дня я думал о том, что сказать Алисе и как не опозориться при этом? Погруженный в свои мысли, я не заметил, как прошёл день. Прошёл полдник, и мы пошли на концерт. \nМы рассаживаемся на трибунах, ожидая начала концерта. Моё дневное оцепенение сменяется паникой. К счастью, Алисы нигде не видно, быть может мне не придётся позориться перед ней. На сцене что-то происходит, но я не обращаю внимания на всякие сценки или танцы, погрузившись в свои тяжкие думы. Внезапно какое-то движение на сцене привлекает моё внимание.\n\nЯ не верю своим глазам. На сцене появляется Алиса. Слегка неуверенной походкой она подходит к микрофону, берясь за него своими длинными худыми, немного дрожащими руками. Все окружение перестало иметь для меня значение, когда Алиса начала петь. \nDepeche Mode - enjoy the silence. Наслаждайся тишиной. Я завороженно смотрел и слушал. Эта песня гласит о том, что слова неважны и приносят только боль. Ну или что-то в этом роде. Мне неважно было, что поёт Алиса, мне просто хотелось смотреть не неё и слушать её голос. Её голос слегка дрожал и было очевидно, что она нервничает, оказавшись в центре внимания, но несмотря на это, Алиса продолжала петь, практически не сбиваясь с мелодии. В мою голову пришла мысль: \"Она выступает перед целым лагерем, на неё смотрят двести с лишним человек, а ты боишься просто позвать её на танцы?\" Я решил, что обязательно подойду к ней, чтобы при этом ни случилось. Я провожал её глазами, когда она закончила и стал ждать окончания концерта с последующей дискотекой. \n\nКонцерт окончился, и я вместе с остальным людским потоком отправился на танцпол, намереваясь перехватить Алису там. И тут я заметил её, отдаляющуюся от людского потока в сторону кустов. Настолько уверенно, насколько это возможно, я иду за ней и беру за руку. Она вздрагивает и разворачивается ко мне. \n-Привет, ты куда? Щас же дискач будет. Может быть... \n-Привет. Спасибо, конечно, но я не могу сейчас туда пойти, отпусти пожалуйста мою руку - судя по тону, она куда-то торопилась.\n-Но почему? -  я ещё крепче сжимаю кисть Алисы, мне не хочется её отпускать.\n-Прости, ты очень милый, но я не могу сейчас пойти с тобой - по окончании фразы она вырвала свою руку из моей хватки и направилась в сторону деревьев.\n-Алиса?!! Подожди!!!\n-Прости! - доносится до моих ушей удаляющийся голос девушки.\nЯ смущен. Что это было? Куда она пошла?  Если я милый, то почему она убежала от меня? За считанные секунды в моей голове сформировались тысячи вопросов, и единственный человек, который знал на них ответ, только что убежал в кусты, когда весь лагерь собрался на танцполе. И внезапно меня осенило: Алиса не может пойти со мной на дискотеку, потому что у неё уже есть кто-то, с кем можно пойти в кусты. Мои пальцы непроизвольно сжимаются в кулаки. Ревность и гнев затмевают мой разум. Кто этот таинственный ухажер? Я узнаю, кто он и набью ему морду. Ну или хотя бы попытаюсь. Усилием воли, я заставил себя успокоиться. Я решил, что должен знать своего врага в лицо. Я лично прослежу за их встречей, узнаю, кто он, и уже потом разберусь с человеком, который похитил мою любовь. Спустя минуту я, как верный рыцарь, направился вслед за своей королевой.\nМною движет мрачная решимость, я сказал себе, что я выдержу любое испытание, уготованное судьбой. Я заметил Алису, которая остановилась на поляне, и затаился в кустах. Конечно, я слегка переборщил со словами, ибо был готов увидеть что угодно, кроме этого... \n\nМоя королева откладывала личинку. Широко расставив длинные ноги, она сидела на корточках, со спущенными до щиколоток штанами. Благородное лицо обезображивает гримаса боли и напряжения. До моего слуха доносятся гулкие стоны и звуки падающего на землю говна. Я понимал, что рыцарь или какой-нибудь джентльмен не стал бы глазеть на даму в момент слабости, но по какой-то неведомой мне причине я остался на том же месте. В моей голове что-то переклинило, и я начал наблюдать за процессом с любознательностью натуралиста. Тем временем Алиса оставила уже довольно большую кучу, но по интенсивности процесса было ясно, что до конца ещё далеко. Внезапно я почувствовал напряжение в штанах. Осознаю, что у меня встал член. Борьба с совестью не заняла много времени. \"А что? Можно было бы и сказать, куда ты идёшь, вместо того, чтобы мучать меня неизвестностью\" - приговаривал я себе, вытаскивая член из штанов и начиная дрочить. Всё это очень странно. Мне стало немного не по себе, когда она пыталась исторгнуть из своего кишечника особо крупный кусок.\n\nПохоже, что это причиняет ей сильную боль, ибо на её все ещё прекрасном, несмотря на обстоятельства, лице появились ручейки слез. Боги решили, что обрушили на её долю слишком мало испытаний, и вдруг из её промежности внезапно начинает стекать небольшая струйка крови. Она смотрит вниз, и начает рыдать, не прекращая при этом основного процесса, сопровождаемого, кстати, звуками обильного пердежа. Вдруг я ощущаю себя благородным рыцарем. В то время как у любого зрелище срущей девушки вызвало бы отвращение, я с удовольствием дрочу на это. \"Какой же я все-таки джентльмен\" - пронеслось в моей голове. Не прекращая дрочить, я с вожделением наблюдал, как Алиса исторгает последнюю порцию. Срет она действительно по-королевски. Я уже собирался кончать, как вдруг замечаю, что она смотрит прямо на меня. Её зелёные глаза округлились, в них можно было прочесть удивление и страх. \n\nЯ понимал, что поставил свою даму сердца в неловкое положение, оставаясь в укрытии. Поэтому я тут же выпрямился во весь рост, приветливо махая левой рукой, поскольку в правой держал эрегированный член. \"Как же она все-таки прекрасна\" - подумал я, когда её лицо исказилось в гримасе ужаса, и она закричала. Я пытаюсь сделать шаг навстречу любви всей своей жизни и понимаю, что спущенные штаны с трусами мешают мне это сделать. Решения принимать надо было быстро, поэтому я молниеносно стянул с себя всю одежду и побежал в сторону Алисы. Та, в свою очередь, по какой-то причине неверно поняла мои благородные намерения и тут же вскочила с места. Я был уже на полпути, когда она попыталась натянуть штаны и побежала в сторону леса. И вот, когда между нами осталось не больше метра, я чувствую, что моё равновесие нарушилось, и я падаю вперёд. Увлекшись погоней, я совершенно забыл о насранной куче, на которой я только что поскользнулся. В последнем рывке я успеваю схватиться руками за бедра Алисы. Так получилось, что она не успела полностью натянуть штаны и при падении я врезаюсь лицом в её голую  задницу. Некоторым сюрпризом для меня стал тот факт, что последняя порция говна таковой не являлась, и щедрый кишечник моей избранницы наградил меня новой. Ощущая во рту водянистую субстанцию и вдыхая характерный аромат, я почувствовал, что мой член напрягся ещё сильнее и теперь упирался в ногу Алисы. Она тоже это почувствовала, и попыталась вырваться из моих объятий. Я лишь крепче сжал её бедра и поднял голову, сплевывая кусочки говна. Я упёрся ладонью в поясницу Алисы, пытаясь подвинуть свое тело поближе к ней. Уже достигший пика эрекции член упёрся в её обосранную жопу, когда я аккуратно схватил её за плечи, пытаясь успокоить.\n-Алиса, ты чего? Не бойся, я никому ничего не расскажу. Никто не узнает, что здесь было... - моё дыхание сбилось от погони и возбуждения, поэтому слова выходили отрывисто - не бойся, милая, я не причиню тебе вреда... - при этих словах мой член дернулся, и Алиса закричала. \n-ПОМОГИТЕ, АААААААА, УМОЛЯЮ, ПОМОГИТЕ, ПОЖАЛУЙСТА!!!!!! - она извивалась подо мной, как уж на сковородке - СПАСИТЕ, ПРОШУ!!! \nТак не пойдёт, её крик слышно на всю округу, и если так пойдёт дальше, то скоро весь лагерь узнает об этом случае. Такого нельзя допускать. Я резко переворачиваю Алису на спину, прижав ладонь к её рту. Мы снова встречаемся взглядами. Я смотрю на неё с лаской, в то время как её заплаканные глаза полны ужаса. \n-Послушай, мы неправильно друг друга поняли, давай спокойно все обсудим? Сейчас я отпущу руку и... - я не успел договорить, как почувствовал резкую боль в яйцах. \n\nЯ тут же сложился пополам, хватаясь руками за ушибленное место. Тем временем, Алиса уже встала на ноги и собиралась бежать, но в последний момент споткнулась о мою вытянутую ногу и упала лицом в землю. Очнувшись от боли, я поднял голову. Алиса лежала на земле, не двигаясь. С характерным звуком, её кишечник полностью опорожнил себя, исторгнув наружу полупереваренные остатки пищи. К уже ставшему привычным запаху фекалий добавился резковатый запах мочи. Похоже, Алиса потеряла сознание. Я подхожу к ней и переворачиваю на спину. Судьба сыграла с ней злую шутку и при падении она упала лицом в ту же кучу, что насрала накануне. Не обращая внимания на такие мелочи, я приложил два пальца к её шее, и тут же отшатнулся. Пульс отсутствует. Моя возлюбленная не проявляла признаков жизни.','',NULL,'2025-04-08 06:34:35',0,1,2),(257,'Эта трагическая история произошла, когда мне было пятнадцать. Родители отправили меня в летний лагерь. Признаюсь честно: я был замкнутым необщительным подростком, и перспектива провести почти месяц в окружении сверстников наполняла меня ужасом.  Но ребята из нашего отряда оказались дружелюбными и понимающими, и спустя некоторое время я осознал, что мы не так уж и сильно отличаемся. Дни были похожи друг на друга, но этот, несмотря на схожесть с остальными, был особенным. Именно этот день был очень важным моментом в моей жизни, ведь именно тогда, на прокуренном балконе, в окружении товарищей я начал вникать в науку обращения с противоположным полом… \n\n-Прикиньте, пацаны, я с Олесей замутил, пиздец у неё сиськи здоровые. На ощупь тоже ниче такие - это Саша хвастается своими успехами на личном фронте.  \n-Заебися пахнет пися, а я думаю подкатить к Лине, только в душе не ебу, че делать, чтобы… ну, не оттолкнуть типа - стряхивая пепел, говорит Лёха \n-В смысле как? Берёшь и подкатываешь, хули ещё тебе надо? - сказал Никита \n-Нихуя, а это мысль - лицо Лехи приняло интеллегеньное выражение. \n-Ну а ты, брат? Когда уже начнёшь ебать  тёлок? - спрашивает меня Никита. Моё приподнятое настроение сразу же опускается.\n-Я не хочу никого ебать, чувак, забей - пытаюсь сделать вид, что меня это не интересует. \n-Да ну, даже Алису? - ухмыляясь, спрашивает Ваня.\n-Эта та рыжая которая, длинная с четырнадцатого? - уточняет Саша.\nСаша не ошибся. Алиса из четырнадцатого отряда. Высокая, стройная, рыжеволосая и зеленоглазая Алиса не могла не овладеть моим сердцем. \n-А что Алиса? Ну да, она симпатичная, не более... - как бы я ни хотел, мне не удалось скрыть смущения. \n-Именно поэтому ты пялишься на неё, как будто у неё пизда поперёк? - уточнил Леха. \n-Или сиськи ищешь? Не найдёшь, братан, она же доска, епт - вставил Ваня. \n-Если она тебе нравится, подкати к ней, хули ты тупишь то блять? - у Саши всегда все просто. \n-Всё не так просто... \n-Ну так давай упростим тебе задачу - Никита встал с кресла - сейчас я приведу её сюда, и ты прямо здесь скажешь ей, какая она секси и что ты хочешь её трахнуть. Ну или мы скажем, похуй вообще. \n-ЧТО?!!! - От подобного заявления на моей коже поползли мурашки - Не делай этого!!! \n-Ну, чел, ты можешь и сам это сделать, мы лишь пытаемся помочь. \n-Ты блять понимаешь, в какое идиотское положение поставишь меня? Ещё друзья, называется. \n-Да, хули нет? Мы хотим тебе только добра, братан - говорит Ваня - если Магомет не идёт к горе, то гора идёт нахуй. \n-Да идите нахуй сами, пидоры! \nПосле небольшой паузы Никита решил уточнить:\n-Ну, так че, ебать, ты катишь шары сам или нам помочь? \nЯ самыми красочными словами дал понять, что в их помощи я не нуждаюсь. И что, раз уж они не оставили мне выбора, то я позову Алису потанцевать на завтрашней дискотеке. Надо же с чего-то начинать, правда? Это вполне устроило парней, и мы ушли спать.','',NULL,'2025-04-08 06:34:51',0,1,2),(258,'','/uploads/image-1744083384685-0.jpeg',NULL,'2025-04-08 06:36:23',0,1,4),(259,'Всем новеньким добро пожаловать в нгушный филиал двача','',NULL,'2025-04-08 06:48:36',0,5,2),(260,'Привет, это тот анон, высравший вчера длиннотекст про дарк фентези и не желание прекращать существовать, следующий текст это снова не копипаста из интернета. \n\nОткрыл вчера для себя скачивание FLAC вместо прослушивания в спотифае.\n\nЯ люблю слушать музыку, особенно, если в течение трека есть разнообразие какое-то, есть разнообразный инструментал и вокалист умеет и так и этак (больше всего мне нравится, когда у него голос высокий), а не как, например, в обычном, даже можно сказать, нормисном павер-метале несколько минут одинаково долбят инструменты и филиал безыдейности на вокалисте не меняет свой тон/хз что ещё ну вы поняли.\n\nВообще, за последние несколько лет всегда хотел купить электрогитару и начать учиться извлекать звук из этого прекрасного инструмента, но я безработный балбес пока что и денег у меня на такое нет, а покупать рандом срань дешёвую для первого раза я не хочу, я уверен, что я буду этим заниматься. Но при этом вы видели вообще цены на них (кстати, думаю, вообще на все инструменты) после сво? Fender Squier Bullet HHS Arctic White такой средненький вполне, подходящий для серьёзно начала с 16к вырос в цене до 35к. Это ж поебистика полнейшая, как так можно, Слава Богу Z🙏❤️ СЛАВА Z🙏❤️АНГЕЛА ХРАНИТЕЛЯ Z КАЖДОМУ ИЗ ВАС🙏❤️БОЖЕ ХРАНИ Z🙏❤️ СПАСИБО ВАМ НАШИ СВО🙏❤️🇷🇺ХРАНИ ZOV✊🇷🇺💯СПАСИСлава Богу Z🙏❤️СЛАВА Z🙏❤️АНГЕЛА ХРАНИТЕЛЯ Z КАЖДОМУ!\n\nТак вот. Сидя в своих беспроводных, но тем не менее полноразмерных и имеющих поддержку LDAC наушниках, и слушая треки с имеющимися в них частями без электрогитары, я заметил приятную разницу со спотифаем, где было выставлено максимальное для него качество звука. Слышно было больше мелких деталей и звук в целом чище (в частности, на барабабанных партия стало гораздо лучше слышно инструмент, прям отдельные удары чётко и чисто выслушивать можно было). Сидел я так до трёх ночи, откинувшись на стуле назад, раскачиваясь и держась обоими руками за затылок, пока не пришёл сосед и я с мыслями \"бляяя опять не поспал хорошо\" решил лечь спать.\n\nКстати, не знаю стриминговых сервисов удобных, где была бы поддержка Hi-Fi. Видел у лестнице в старом корпусе рекламу какого-то сервиса сбера с поддержкой этого, но это всё ещё российская площадка с отвалом кучи всего англоязычного, я уверен, что так и есть (в яндекс музыке точно так). Поэтому продолжу пока что пользоваться спотифаем и скачивать самый сок в FLAC с рутрекера. \n\nХотел бы просто сказать этим всем, что те, кто слушают не ебучие биты и прочую нормизную поебень и при этом именно слушают музыку, а не ставят её ради фона, (слово \"должны\" тут не хочу сказать, не то, не подходит) should хоть раз попробовать послушать в полноразмерных наушниках в качестве без потерь.\n\nКстати, вот ещё. Никогда не мог слушать что-то фоном,например, во время учёбы, написания дз и так далее. Либо я сосредоточен на том, чем занят, либо я слушаю музыку, два отдельных занятия. Даже в играх я иногда полностью убавлял громкость саундтреков.','','Длиннотекст','2025-04-08 07:28:35',0,3,2),(261,'К предыдущему посту.\n\nЯ слушал именно оркестровые партии, в гитарные я даже выслушивать я не пытался, чтоб разницу заметить, вот это уже точно для пердонюхов и нетакусиков звукодрочеров с качеством только на бумаге.','',NULL,'2025-04-08 09:39:36',0,1,2),(262,'сколько можно картинок запостить??\nкстати, если вырал картинку, то её уже не удалить','/uploads/image-1744095437610-0.jpeg,/uploads/image-1744095437611-1.jpeg,/uploads/image-1744095437618-2.jpeg,/uploads/image-1744095437614-3.jpeg,/uploads/image-1744095437623-4.jpeg,/uploads/image-1744095437622-5.jpeg,/uploads/image-1744095437617-6.webp,/uploads/image-1744095437628-7.jpeg,/uploads/image-1744095437620-8.jpeg,/uploads/image-1744095437631-9.jpeg,/uploads/image-1744095437611-10.jpeg,/uploads/image-1744095437633-11.jpeg',NULL,'2025-04-08 09:57:22',0,3,4),(263,'Ищу актива для встреч \nя няшка с фита 20 лет, 19 см ухоженный, без места','','ищу партнера доя занятий фронтендом','2025-04-08 10:29:51',0,3,2),(264,'видела тебя в библиотеке но побоялась подойти…\nоченб хочу познакомиься пожалуйста я не могу юез ткбя дить ответь в коммах или я начну спамить постами с гойдой ой хихихих👉👈','/uploads/image-1744098521188-0.jpeg','признавашки,очир','2025-04-08 10:48:41',0,4,2),(265,'Биопроблемники, вы че тут устроили блять? Какой ещё филиал признавашек и прочей поебени в двух последних постах?','',NULL,'2025-04-08 10:51:11',0,4,2),(266,'','/uploads/image-1744098674441-0.jpeg',NULL,'2025-04-08 10:51:15',0,5,54),(267,'Hu eSo S','','N,S,T,U','2025-04-08 10:54:48',0,2,2),(268,'кста, новые юзеры, как ощущения от приложения, как дизайн/логотип? есть чё сказать','/uploads/image-1744099055153-0.png','Σ','2025-04-08 10:57:37',0,3,2),(269,'здарова братва','/uploads/image-1744100273685-0.jpeg','#приколюха','2025-04-08 11:17:54',0,8,55),(270,'всем привет как у вас дела','',NULL,'2025-04-08 11:18:46',0,8,47),(271,'Ильдар хуесос выйди с платформы нахуй\n\nЯ любя','','нахуй','2025-04-08 11:21:47',0,3,2),(272,'ujqlf','',NULL,'2025-04-08 11:37:43',0,1,2),(273,'гойад','',NULL,'2025-04-08 11:38:04',0,1,2),(274,'ааа','',NULL,'2025-04-08 11:40:16',0,1,2),(275,'Билеты…','/uploads/image-1744101740583-0.jpeg',NULL,'2025-04-08 11:42:23',0,1,2),(276,'ааа','',NULL,'2025-04-08 12:03:36',0,0,2),(280,'semen','',NULL,'2025-04-08 12:13:07',0,0,2),(378,'Еблан на semen, постилку завали','','пост про маму','2025-04-08 12:34:13',0,0,2),(438,'','/uploads/image-1744106093281-0.jpeg',NULL,'2025-04-08 12:54:54',0,0,2),(453,'','/uploads/image-1744106093281-0.jpeg',NULL,'2025-04-08 12:58:15',0,0,2),(541,'Вот кому-то делать нехуй. Но отчасти соглашусь, тыкать разработчиков в недочёты это заза.','',NULL,'2025-04-08 13:00:03',0,1,2),(542,'ребята го по пиву?','',NULL,'2025-04-08 13:00:37',0,3,54),(545,'Пацаны в баскетбол играют, а я в качалку пошел👍🤟💪👉🇷🇺\n \nАнонимно пж','/uploads/image-1744107800955-0.jpeg',NULL,'2025-04-08 13:23:23',0,5,31),(546,'','/uploads/image-1744115805715-0.jpeg',NULL,'2025-04-08 15:36:45',0,1,2),(547,'Батенька вот читает и ты иди почитай, бездарь.','/uploads/image-1744115876111-0.jpeg',NULL,'2025-04-08 15:37:55',0,1,2),(548,'бляяяяяя в магазе забыл пива взять, сука','',NULL,'2025-04-08 15:52:04',0,1,2),(549,'очир сука почему я сука?','',NULL,'2025-04-08 15:53:21',0,2,54),(550,'ребята, с вами, конечно, безумно весело, но когда я могу пойти домой?','',NULL,'2025-04-08 15:54:23',0,1,2),(551,'писечки какашечки','',NULL,'2025-04-08 17:13:04',0,0,2),(554,'','/uploads/image-1744122863325-0.png','#бравлик','2025-04-08 17:34:24',0,2,55),(555,'Всех с днём теннисной юбки','',NULL,'2025-04-08 17:44:30',0,5,39),(556,'И видимо сегодня день какого-то семёна','',NULL,'2025-04-08 17:45:54',0,5,39),(557,'Го в тц','',NULL,'2025-04-08 17:49:08',0,1,2),(558,'Разработчики, признавайтесь, вы, когда придумывали название приложения, вдохновлялись песней сигма-бой?','',NULL,'2025-04-08 17:49:14',0,4,39),(559,'С днем сотрудников военных коммисариатов!','',NULL,'2025-04-08 17:57:13',0,1,58),(560,'https://t.me/SigmaHideout','',NULL,'2025-04-08 18:34:54',0,1,2),(561,'хули мусора хули мусора хули\nедем так как ехали даже в хуй не дули\nхули ну допустим ремень не пристегнули\nя кругом тонирован значит всё в ажуре','',NULL,'2025-04-08 18:48:00',0,1,2),(569,'норм для общаги или зажрался?','/uploads/image-1744128335410-0.jpeg','жиды,гойда,спам,@penis','2025-04-08 19:05:48',0,4,54),(570,'Этим вечером без пасты, напишу что-нибудь в другой раз.','',NULL,'2025-04-08 20:40:38',0,0,2),(577,'Не знаю кто такой Глеб артемчик, но я реально в том посте искал актива я нчшка с фита 20 лет 19!!','',NULL,'2025-04-09 07:49:34',0,1,2),(578,'Мальчики хочу очень сильно трахаться. Ишу мальчика с фита пишите в комменты ваш тг','','Признавашки','2025-04-09 08:51:38',0,2,2),(580,'no context','/uploads/image-1744185512310-0.jpeg',NULL,'2025-04-09 10:58:41',0,1,2),(581,'я не мог не пройти этот тест','/uploads/image-1744187634309-0.jpeg',NULL,'2025-04-09 11:33:56',0,0,2),(582,'забейте эта параша это реклама какой то говно телеги, даже без теста','',NULL,'2025-04-09 11:35:32',0,1,2),(583,'','/uploads/image-1744189206366-0.jpeg','18+','2025-04-09 12:00:07',0,1,2),(584,'Чё за хуйня. Не пон','',NULL,'2025-04-09 12:33:19',0,1,61),(585,'rip sosalka…','/uploads/image-1744193611937-0.jpeg','death,sasalka,IT,doslyoz','2025-04-09 13:13:32',0,3,54),(587,'Каратист','/uploads/image-1744194691556-0.jpeg',NULL,'2025-04-09 13:31:51',0,5,1),(589,'Вани Вани Грачевани (жалко витю)','/uploads/image-1744195805396-0.jpeg',NULL,'2025-04-09 13:50:05',0,4,2),(590,'Идёт третий день на этой платформе. Я всё ещё жду ламповых студенческих постов и душевного общения, а не криков души пугающих битардов.','',NULL,'2025-04-09 13:58:16',0,5,39),(591,'Наконец то','',NULL,'2025-04-09 14:17:10',0,2,43),(593,'))))','',NULL,'2025-04-09 14:24:15',0,0,14),(594,'(((((','',NULL,'2025-04-09 14:24:55',0,0,14),(596,'раз раз','',NULL,'2025-04-09 14:46:24',0,1,4),(597,'Кайф)','',NULL,'2025-04-09 14:47:49',0,1,31),(598,'Сегодня пришел в общагу номер 7. Посмотрел на пол, уивдел трех тарканов. Расплакался. Убежал. Уехал из Новосибисрка. Не вернусь никогда','',NULL,'2025-04-09 15:06:42',0,4,1),(599,'как подписаться на очира','',NULL,'2025-04-09 17:33:26',0,4,55),(600,'ребят я вообще хз че тут делаю','','мда','2025-04-09 18:41:32',0,2,6),(601,'Перекур с Настей и Кристиной моими лпшками ))👍👍👍','/uploads/image-1744213339165-0.jpeg','кристинанастя','2025-04-09 18:42:20',0,6,31),(602,'очир отказался илти на пьянку с кентами. делайте выводы….','','р,и,ч,о','2025-04-09 19:32:29',0,4,2),(603,'ребята я запустил свой тег если хотите мне что-то сказать пишите его','/uploads/image-1744216621945-0.png','Kapov','2025-04-09 19:37:03',0,3,54),(604,'ну нащитпостите пожалуйста мне делать нечего пока заказ жду','/uploads/image-1744216768151-0.jpeg','kappa','2025-04-09 19:39:29',0,5,2),(605,'','/uploads/image-1744219187224-0.jpeg,/uploads/image-1744219187221-1.jpeg',NULL,'2025-04-09 20:19:47',0,2,4),(606,'Ебанныц режим сна, то в 7 встаешь то проспишь все пары..','',NULL,'2025-04-10 03:05:21',0,4,43),(607,'еьло','','Kapov','2025-04-10 06:27:45',0,0,2),(608,'Ребята, я запустил сво тег, если вы долбаёб, не бойтесь об этом сказать.','','Уэээ','2025-04-10 06:58:10',0,0,2),(609,'','/uploads/image-1744259436794-0.jpeg',NULL,'2025-04-10 07:30:39',0,3,43),(610,'','/uploads/image-1744259437086-0.jpeg',NULL,'2025-04-10 07:30:41',0,3,31),(611,'ребята у вас такой видос крутой в тг канале, я трижды кончила, и девочки классные, хочу к вам. познакомлюсь, жду тг в комментах\nанон пж','','признавашки','2025-04-10 10:53:19',0,3,2),(612,'я люблю с миндальное молоко','','кристинанастя','2025-04-10 10:58:00',0,9,6),(613,'ставь лацк если учишься в нгу','',NULL,'2025-04-10 10:58:29',0,11,14),(614,'δξδξδέ','',NULL,'2025-04-10 11:17:42',0,4,14),(616,'закупочка','/uploads/image-1744273715634-0.jpeg',NULL,'2025-04-10 11:28:36',0,6,8),(617,'ttawt','/uploads/image-1744288174114-0.png',NULL,'2025-04-10 15:29:34',0,21,1),(618,'ребят, мне Пекин практику одобрил, имба?','','кристинанастя','2025-04-10 15:41:08',0,7,6),(619,'приходите под десяточку курить','',NULL,'2025-04-10 16:51:50',0,3,8),(620,'короче всем привет йоу короче ем курицу и мясо с соусом','',NULL,'2025-04-10 16:58:53',0,1,1),(621,'','/uploads/image-1744293572379-0.jpeg',NULL,'2025-04-10 16:59:33',0,2,63),(622,'очир и артем НАХУЯ ВАМ РАЦИЯ ЕСЛИ ОНА ВЫКЛЮЧЕНА','',NULL,'2025-04-10 17:05:30',0,5,8),(623,'я пью рич гранатовый и кайфую, ща китайский доделаю и раскайфовка','',NULL,'2025-04-10 17:17:00',0,5,8),(624,'','/uploads/image-1744295723463-0.jpeg',NULL,'2025-04-10 17:35:23',0,1,2),(625,'мильярд мильонов комментов','',NULL,'2025-04-10 17:40:20',0,2,2),(626,'','/uploads/image-1744296776935-0.jpeg',NULL,'2025-04-10 17:52:58',0,6,43),(627,'💪🏼💪🏼💪🏼💪🏼💪🏼','/uploads/image-1744304341644-0.jpeg',NULL,'2025-04-10 19:59:08',0,0,8),(628,'Первый повторивший после багфикса лайков на комментариях получит киндер сюрприз.','/uploads/image-1744312463395-0.jpeg',NULL,'2025-04-10 22:14:25',0,0,2),(629,'Фррн:3','/uploads/image-1744312670092-0.png,/uploads/image-1744312670167-1.png,/uploads/image-1744312670359-2.jpeg,/uploads/image-1744312670227-3.png,/uploads/image-1744312670102-4.jpeg,/uploads/image-1744312670135-5.jpeg,/uploads/image-1744312670432-6.jpeg,/uploads/image-1744312670096-7.jpeg,/uploads/image-1744312670246-8.png,/uploads/image-1744312670142-9.jpeg,/uploads/image-1744312670127-10.jpeg,/uploads/image-1744312670309-11.png',NULL,'2025-04-10 22:17:55',0,4,2),(630,'фанат этой девочки','/uploads/image-1744342831206-0.png',NULL,'2025-04-11 06:40:33',0,3,2),(631,'Добавляйтесь https://link.clashroyale.com/invite/friend/ru?tag=UGVG0P9UU&token=tae3xjtf&platform=android','',NULL,'2025-04-11 06:53:10',0,0,41),(632,'сходка 2 блок 2 этаж после 2 пары','',NULL,'2025-04-11 07:35:55',0,5,2),(633,'Первый курс студоты жил в общаге. Это ебаный ад. самому стираться, готовить, все делать - это не проблема для меня. Главная беда, как по мне - личное пространство. Сам я пережив подростковый возраст стал достаточно интернальным, а потому мне просто необходимо быть одному, на едине с собой. Со второго курса подрабатывал по мелочи, ну и наскреб на съемную хату. Небольшая однушка в многоэтажке. Цена достаточно низкая, но меня это лишь обрадовало. Радость длилась не долго. На площадке было 5 квартир (включая съемную). Спустя пару недель, переодически, а именно в 6 утра и 9 вечера, каждый день, ко мне приходила поехавшая бабка из квартиры напротив и пыталась вести душевные беседы. Я быстро смекнул кой хуй нужен бабке и стал тупо не открывать двери. Неделю она безуспешно стучалась ко мне в двери по расписанию. После затихла. Думал - отпустило старушку. Хуй там. У двери стали появляться пакеты с мусором. Ну хуй с ним, я не особо агро, потому тупо их скидывал в мусоропровод. Бабка, по всей видимости, была весьма целеустремленной, а потому не остановилась. Спустя еще некоторое время стали появляться порванные пакеты с разбросанной всякой хуетой. И кожурка от картошки, и яйца и залитая дверь подсолнечным. Заебало. Поговорил с бабушкой раз на раз. Бабка держалась уверено, и не подавала виду о своей причастности. Пошел по соседям, и сука, будь я проклят, когда это сделал. Сосед в самой дальней квартире был бывшим моряком. Квасил так, что даже мой дед на его фоне кажется мальчишкой. Но был тихим и не особо буйным. Однако, так же как и бабка, под любым предлогом искал социальных контактов, но не ради трепки, а ради алко. Впоследствии, он тоже стал приходить часто и стучать ко мне, в надежде обрести собутыльника на оставшийся вечер. Еще одна соседка была 40-летняя милфа с адским недоебом, который был виден по ее косметическому ебалу и откровенным юбкам, колготкам и кофточкам. Последний сосед - сука, еще одна бабка, которая лишь недавно приехала хуй пойми откуда, и ей нужно срочно обо всем кому-то рассказать. Но идти к другой бабке-соседке не варик - они в контрах, и она стала ходить ко мне. В итоге, утром ко мне стучалась поехавшая бабка, не открывал - оставляла пакет с мусором, днем меня не было, к вечеру, у лифта меня ждала вторая бабушка, которая парили байку о сросшихся костях и святой молитве какому-то Антуана. После 9-10 вечера, в дверь ломился упитый моряк, умолявший помочь ему осилить бутылку. И так было практически каждый день. Я так заебался, что попробовал каждому объяснить, чтобы оставили меня в покое - не помогло. Между тем моя дверь уже засыпалась мукой, порошками, мелками от тараканов и прочей всякой поеботой. Я, ахуевший от всего, попидорил к другану-медику. Он выписал мне рецептик какого-то убер слабительного. Придя домой, я целенаправленно наебенился кефира с солеными грибами и огурцами. Подождал глубокой ночи. Въебал слабительного и пошел срать под двери. Насрал всем, дабы не вызвать подозрений, надрыстал и себе. 6 утра. На площадке дикий ор и выяснения. Открываю. Бабка из кв напротив блажит как пгм-нутая. Вторая бабка веник, измазав в говне, мажет им стены возле двери первой бабки. Алкаш вообще не вышел. Милфа держится двумя руками за щеки и охает. Бабки выясняют отношения. Через пару дней, я свалил обратно в общагу','/uploads/image-1744347894665-0.jpeg','общага,жизнь','2025-04-11 08:04:56',0,3,2),(634,'','/uploads/image-1744348203242-0.jpeg',NULL,'2025-04-11 08:10:04',0,7,2),(635,'https://www.google.com/search?sca_esv=ea28a01ba0d65b63&sxsrf=AHTn8zqU3Ef9JxicRllQ81N_A4EncSPbyw:1744351828733&q=porno&udm=2&fbs=ABzOT_CQmnVa6uw0NyNnWWoC7jZB7X6rwltdsyvQ2yORSMw0qQShsUINio7Ri8n5tKMo2-fzkNLTjanSXH_njks61L5wSadradz1bVI1yU9DxoCfTsO8qIBri5nwrDnL4muH00muWSV_TFBrlXHfhsd7Bt1PYqQpF2zp10ZasxXFL6fbtj__8ahhXKV5oR0-rj4es-h_hNlVqOlSISnEIbQet5-lp3I38bQQ5Y0F7wkts75rhSMr97mMT_ob5_xsLCe3VqRNDZPV5PaDDzIJGOc-cbyy47oGtg&sa=X&ved=2ahUKEwjlufX4qM-MAxWDgf0HHYqWClgQtKgLegQIFRAB&biw=1427&bih=930&dpr=2\nОбязательно зайдите','',NULL,'2025-04-11 09:10:51',0,1,2),(636,'','/uploads/image-1744355055019-0.jpeg',NULL,'2025-04-11 10:04:15',0,5,63),(637,'рассказала докладик, мне сказали что я молодец😊😊😊😊😊','',NULL,'2025-04-11 11:17:06',0,7,8),(638,'Ставь лайк если дрочил на гилтикус.','',NULL,'2025-04-11 12:14:41',0,1,2),(639,'','/uploads/image-1744367600262-0.jpeg,/uploads/image-1744367600258-1.jpeg,/uploads/image-1744367600259-2.jpeg,/uploads/image-1744367600264-3.jpeg,/uploads/image-1744367600267-4.jpeg,/uploads/image-1744367600271-5.jpeg',NULL,'2025-04-11 13:33:22',0,2,2),(640,'очир почему не пришел на искусство??','/uploads/image-1744371734207-0.jpeg,/uploads/image-1744371734208-1.jpeg,/uploads/image-1744371734208-2.jpeg','кристинанастя','2025-04-11 14:42:15',0,4,8),(641,'Кто пиво пить прям сейчас в 18:45','',NULL,'2025-04-11 14:44:59',0,0,43),(642,'Deudeuka has invited you to join a video meeting on Google Meet.\n\nJoin the meeting: https://meet.google.com/owj-kpyb-rzm\n\nDial in (audio only): ‪(US) +1 406-578-4628‬ PIN: ‪667 797 107#‬\nПрисоединяетесь интересно очень','',NULL,'2025-04-11 15:29:52',0,2,43),(643,'явахуе это чо','/uploads/image-1744377422907-0.jpeg','aanesthezia','2025-04-11 16:17:03',0,5,67),(644,'а пошлите пиво пить, а то у меня контрольная завтра😇','',NULL,'2025-04-11 18:39:33',0,3,67),(645,'как сделать так, чтобы не отчислили к хуям собачьим???','',NULL,'2025-04-11 19:24:48',0,3,2),(646,'Не копипаста. \n\nВчера я захотел узнать что же мне может предложить такой достаточно хороший и потенциально идейный поджанр как симфоник-метал кроме моей любимой группы.\n\nНашёл плейлисты в спотифае, поспрашивал у гпт и сел слушать альбомы, которые он рекомендовал, \"похожие\" на то что я ему перечислил из того что я слушаю. \n\nПриступил к прослушиванию.\n\nСначала я думал, что это какие-то неудачные выборки и на самом деле есть что-то такое же прекрасное как 3 поздних альбома Blind Guardian и ещё немного Rhapsody of Fire. НО. Нет. В большинстве случаев это была просто павер-металлическая и тп долбёжка электрогитары и барабанов с даже скримингом и гроулингом БЛЯТЬ и где-то там на фоне партия каких-то оркестровых инструментов. Также там были треки с женским вокалом и местами даже приятными частями, где гитаре не уделялось самое большое внимание, но всё-таки было довольно однообразно и всё ещё слишком тяжело для того что я хотел найти и того что мне нравилось.\n\nВ итоге мне только гпт смог порекомендовать ебейший альбом \"Zero Gravity\" от Turilli/Lione Rhapsody, который я прослушал впервые ещё в 2020, через год после его выхода, который мега ахуенен и вообще альбом концептуальный, а это всегла база, кроме того там было абсолютно новое звучание и для автора и для жанра в целом.\n\nА ещё в где-то 1/3 случаев на обложках альбомов была женщина и я думаю теперь, что это признак безыдейности и безвкусицы.\n\nПост написал, пора встать с трона и жопу подтереть, в следующий раз что-нибудь про игры, наверное, напишу.','','Длиннотекст','2025-04-11 20:17:49',0,5,2),(647,'А вот теперь нашёл что-то стоящее, наконец-то.','',NULL,'2025-04-11 20:53:28',0,0,2),(648,'Ноунеймы попросили сфоткатся','/uploads/image-1744415696417-0.jpeg',NULL,'2025-04-12 02:54:59',0,14,31),(649,'друзья, поехали в центр…','','aanesthezia','2025-04-12 14:40:18',0,2,67),(650,'Там Исакий честное слово','/uploads/image-1744458659230-0.jpeg',NULL,'2025-04-12 14:51:10',0,3,43),(651,'«Суки из Новосиба в Барнаул заказали»','/uploads/image-1744458917269-0.jpeg',NULL,'2025-04-12 14:55:18',0,3,43),(652,'ребятки чем занимаетесь все?','','кристинанастя','2025-04-12 18:55:18',0,1,8),(653,'а что за крики то на улице?? я тоже хочу','','aanesthezia','2025-04-12 20:25:59',0,2,67),(655,'еда нам не понравилась и мы сломали гроб','/uploads/image-1744480605430-0.jpeg','кристинанастя','2025-04-12 20:57:32',0,3,8),(657,'всем привет??!! я использую вацап','/uploads/image-1744490798840-0.jpeg,/uploads/image-1744490798871-1.jpeg,/uploads/image-1744490798871-2.jpeg',NULL,'2025-04-12 23:46:44',0,4,69),(658,'Балет','/uploads/image-1744521985925-0.jpeg',NULL,'2025-04-13 08:26:28',0,2,43),(702,'SHASHLIKI','/uploads/image-1744531127749-0.jpeg','kapov','2025-04-13 10:59:05',0,4,54),(704,'домовёнка прикормили','/uploads/image-1744538753826-0.jpeg',NULL,'2025-04-13 13:05:55',0,4,2),(705,'вашалла, аллаху акбар\nаллаху акбар\nаллаху акбар\nаллаху акбар\nаллаху акбар\nаллаху акбар\nаллаху акбар\nаллаху акбар\nаллаху акбар\nаллаху акбар\nаллаху акбар\nаллаху акбар\nаллаху акбар','','аллаху акбар,аллаху акбар,аллаху акбар,аллаху акбар','2025-04-14 15:09:32',0,0,2),(706,'я фейс','','face','2025-04-14 16:02:52',0,1,74),(708,'ХУЕСОС','',NULL,'2025-04-14 17:13:17',0,1,75),(709,'Ya negritos ya negritos','','Negr','2025-04-15 13:57:55',0,4,1),(710,'Пошлите пить сегодня в коменты пишите кто идет','',NULL,'2025-04-15 14:02:21',0,1,43),(711,'ребята, кто вы из итальянских животных? я шпиониро голубиро','','важно!','2025-04-15 20:38:44',0,4,6),(712,'ребята я хорошо получилась на фото на паспорт, взяла свой любимый чай, и на улице светит солнце, мне очень нравится этот день','','кристинанастя','2025-04-16 08:54:37',0,4,8),(713,'чек аву','',NULL,'2025-04-16 14:59:06',0,1,47),(714,'cocaine','/uploads/image-1744804756306-0.jpeg','Kapov','2025-04-16 14:59:30',0,2,54),(716,'как делишки малышки?','',NULL,'2025-04-16 15:05:10',0,2,14),(717,'как хочу сочный сосыч, отсосите мне кто нибудь, пожалуйста, напишите в телегу, или контакты оставьте чтобы связаться с теми, кто сосыч оформляет, пожалуйста, люди добрые!!!','/uploads/image-1744806415510-0.jpeg',NULL,'2025-04-16 15:26:57',0,3,2),(718,'мнение','/uploads/image-1744816754941-0.jpeg',NULL,'2025-04-16 18:19:19',0,4,69),(719,'вацап','/uploads/image-1744856667129-0.jpeg,/uploads/image-1744856667129-1.png,/uploads/image-1744856667129-2.jpeg',NULL,'2025-04-17 05:24:27',0,1,69),(720,'','/uploads/image-1744865218198-0.jpeg',NULL,'2025-04-17 07:46:57',0,3,2),(721,'Ребята, приходите кальян курить!!!\n@bstrd512411','',NULL,'2025-04-17 17:05:54',0,2,1),(722,'DrainGang ACDM','',NULL,'2025-04-17 18:48:38',0,3,69),(723,'Лиза Кениг отжала кальян у очира','/uploads/image-1744907326843-0.jpeg','Лиза Кениг','2025-04-17 19:28:49',0,9,43),(724,'Клуб фанатов лизы канеки на перекусе 🥳🥳🥳','/uploads/image-1744915083892-0.jpeg',NULL,'2025-04-17 21:38:05',0,8,31),(725,'я устал босс','',NULL,'2025-04-18 08:23:34',0,9,8),(726,'я ебал в рот акос','',NULL,'2025-04-18 16:54:39',0,3,63),(727,'я ебал в рот тнх кто не ебал в рот','',NULL,'2025-04-18 23:39:22',0,2,2),(728,'ну чё, все проснулись, очнулись и всё такое?','',NULL,'2025-04-19 07:33:38',0,4,2),(729,'sosalka 2: reborn','/uploads/image-1745077523983-0.jpeg','Kapov','2025-04-19 18:45:27',0,9,54),(730,'Сука ненавижу пятницу. Траванулся пока был в городе второй день отхожу от этого. И всё бы ничего так ещё когда утром в субботу вернулись обратно шёл ебанутый снег и просто пиздец как горел живот. И вот в 7 утра лежа на кровати засыпаешь в агонии и просыпаешься в 12 чтобы понять что ты даже подняться не можешь и тебя разрывает на куски. И так пульсирующая боль тебя разрывает каждые две минуты. Благодаря своим соседям ты откидываешься ещё на 6 часов чтобы проснуться послать всех нахуй, спохватиться и поехать в Барнаул с температурой в 38 градусов и слушать пол поездки как меня хуесосит водила. \nСейчас я начинаю потихоньку приходить в себя сменяя своё скрученное положение с позой мыслителя. Меня напичкали таблетками и напихали с собой так что нашу аптечку ждёт пополнение в виде: средства улчшения пищеварения, средство против запора и какие-то порошки\n\nОпыт на 10/10 всем советую','',NULL,'2025-04-20 17:26:59',0,6,43),(731,'Теперь неделю куличи кушать(','',NULL,'2025-04-21 08:00:27',0,3,2),(734,'','/uploads/image-1745247205337-0.png',NULL,'2025-04-21 17:53:32',0,4,4),(735,'','/uploads/image-1745320440351-0.jpeg',NULL,'2025-04-22 14:14:02',0,3,14),(736,'Федор Пивоваров, с днем рождения!!!🇷🇺🇷🇺🇷🇺✊👍🫡🤙🤙🍾','',NULL,'2025-04-22 14:14:41',0,2,31),(737,'с днём рождения фёдрп пивоваров','',NULL,'2025-04-22 14:20:48',0,1,4),(738,'','/uploads/image-1745321227884-0.jpeg',NULL,'2025-04-22 14:27:08',0,0,4),(739,'братва как ваш день прошел','',NULL,'2025-04-22 18:48:03',0,5,8),(740,'блять, короче приснилось, как команда каких то блоггеров на дороге рекламировали бутафорскую кровь, причё её было нстолько много, что даже я во сне сказал ебать чё за хуйня, но в целом оно так и было, на этот пиздец приехало ещё больше копов, то есть ахуеть, чуваки с одной стороны стоят и с бочками и кубометрами крови стоят на дороге и с LEOMAX\'овым ебалом рассказывают какая у них пиздатая настоящая кровь, а сдругойстороны копы уже готовы спускать курок на этих пидорасов... Жалко не дошло до этого, а сон просто оборвался\n\n\nhttps://youtu.be/dOapjBTqLLs?si=p_1gvhcmoX_uGReD','',NULL,'2025-04-23 06:47:10',0,4,2),(741,'утомились','/uploads/image-1745390605276-0.jpeg','кристинанастя','2025-04-23 09:43:25',0,6,8),(742,'если не хотите промокнуть под дождем, используйте кепик (лизу)','/uploads/image-1745406879222-0.jpeg','лизакениг','2025-04-23 14:14:50',0,5,26),(743,'','/uploads/image-1745509243094-0.jpeg',NULL,'2025-04-24 18:40:49',0,5,43),(744,'– Даш, да брось. Ну бывает иногда…\n\nДевушка в ответ захлопнула входную дверь. В квартире воцарилась тишина. Андрей выдохнул и пошел к холодильнику за пивом, наполнил стакан и уселся за стол. Пару минут он так просидел не двигаясь, а потом хлопнул кулаком по столу. И зачем он только это сказал?\n\n– Слов нет. Пи-пец.\n\nВ квартире царил бардак, выброшенные из шкафов вещи валялись на полу одной кучей. Андрей начал разбирать одежду и складывать её обратно на место. С уходом Даши на полках образовалось много свободного места. В квартире было тихо и холодно.\n\n– Все перепуталось ещё. Половину шмоток теперь на стирку.\n\nБыть может это и к лучшему. Но почему же так тоскливо внутри?\n\nАндрей махнул рукой и налил себе ещё пива, включил комп и запустил сериал. Он пересматривал одну и ту же серию несколько раз, поскольку сюжет от него ускользал. В голове роились мысли. Почему? Чем он виноват? Его вины здесь нет. Просто так получилось. С каждой минутой он все больше и больше накручивал себя, распалившись до такой степени, что понял, что кто-то появился в квартире только по шагам в коридоре.\n\n– Чё, вернулась? Аа, это ты… – злость Андрея испарилась, когда он увидел Лизу. – Убежала твоя сестра.\n\n– Я знаю, к тебе пришла… Помочь. – девушка присела на краешек кровати и смущенно поправляла волосы.\n\n– Да чё тут помогать. – он заправил футболку в шорты, надеясь, что Лиза не заметила пятно от пива. – Сам справлюсь.\n\nДевушка молча сняла куртку, опустилась на колени и начала перебирать вещи. Андрей заметил в выглядывающие из-под свитера пару трусов и, краснея, схватил в охапку всю кучу.\n\n– Это все стирать надо. Если хочешь помочь, то… Не знаю, вон можешь поискать, что Даша забыла.\n\n– Пусть сама ищет, если ей надо. – Лиза поправила юбку и стрельнула на него взглядом на него из-под опущенных ресниц. – А у тебя еда есть? Я такая голодная…\n\n– Нет. – Андрей мрачно покосился на неё. – Если только приготовить что-то.\n\nДевушка покопалась в полках, достала из морозилки кусок мяса, нарезала и натерла овощи. Повозилась с духовкой, вымыла грязную посуду и протерла плиту. Андрей пытался сопротивляться, но Лиза решительно выгнала его и шутя запретила заходить на кухню. Парень послонялся без дела, заскучал и от нечего делать решил все-таки прибраться в доме. Он выбросил мусор, пропылесосил, поправил подушки и вытер пыль. Наткнулся на фотографию с прошлогоднего отпуска с Дашей. Он некоторое время смотрел на улыбающиеся лица, а потом вытащил фото из рамки и убрал в дальний ящик.\n\nК тому моменту, как ужин был готов в зале ничего не напоминало о недавних событиях. Он и сам практически обо всем забыл.\n\nЛиза наконец позвала его на кухню. На столе стояла бутылка красного вина и тонко нарезанный сыр. Аромат запеченного мяса дразнил нос, огурцы, помидоры и сладкий красный перец теснились на блюде и ждали едоков. Спагетти с густым соусом уже были разложены по тарелкам.\n\n– А… откуда все это?\n\n– Да я к друзьям шла… – Лиза смущенно наклонила голову. – Решила лучше к тебе зайду. Садись, приятного аппетита.\n\nАндрей откупорил бутылку, достал запыленные бокалы, протер их и разлил вино. Поначалу ели молча, пытаясь скрыть неловкость. Потом он вспомнил, как помогал Лизе готовиться к выпускным экзаменам. Она засмеялась, припомнив шпаргалки, которые обнаружила строгая учительница по физике, Нина Павловна, у неё под чулками, как потом ходила пересдавать другому преподавателю. Потом пошли в ход анекдоты, чем дальше, тем более неприличные. Под конец и вовсе зазвучали скабрезные шутки.\n\nДевушка раскраснелась, откинулась на спинку стула и обмахивалась полотенцем, Андрей почувствовал, как вино вернуло приятное тепло внутри. Он украдкой посмотрел на неё и наткнулся на испытующий взгляд. Лиза оценивающе смотрела ему прямо в глаза, полные губы обольстительно изогнулись, выглядывающая из глубокого декольте грудь вздымалась от дыхания.\n\n– А знаешь, ты всегда мне нравился. – с таким макияжем Лиза выглядела гораздо старше, как будто одного с ним возраста. – И когда мне Даша позвонила, я подумала… Я подумала, может быть теперь…\n\nАндрей покраснел и чуть отодвинулся.\n\n– Слушай, это… неправильно. Лучше тебе уехать домой.\n\n– Пожалуйста…Ты считаешь меня маленькой, но мне уже девятнадцать лет!\n\n– Э-э-э. Даша же твоя сестра.\n\n– Она сама виновата, если не может разглядеть от чего отказывается! – Лиза накручивала локон на палец и не смотрела на Андрея.\n\n– Она тебе ничего не сказала?\n\n– Нет, сказала, что между вами все кончено и бросила трубку.\n\nАндрей покачал головой и погладил Лизу по голове.\n\n– Лучше не стоит.\n\n– Можно хотя бы я останусь у тебя переночевать? – Лиза умоляюще посмотрела на него снизу-вверх. – Может ты купишь ещё вина?\n\nОн задумался на несколько секунд и сдался.\n\n– Ну хорошо.\n\nАндрей оделся и пошел в магазин. Голова шла кругом от происходящего, ещё не успел отойти от прежнего расставания и тут тебе такое испытание. Мало кто устоит перед чарами этой красотки. А он сам? Что он чувствует в отношении неё после того, что случилось? Нужно было хорошенько все обдумать. И желательно на холодную голову.\n\nАндрей зашел в магазин и помимо вина купил ещё и коньяк. После этого долго сидел на скамейке в ближайшем сквере, не решаясь вернуться домой. Он принял решение, когда на город опустилась ночь. В квартире было тихо и темно, только из спальни доносился слабый свет.\n\nОн на цыпочках подошел к двери и увидел зажженные ароматические свечи, девушка лежала на кровати, на ней были только черные чулки.\n\nЗаснула, не дождавшись его. Он тихо подошел к ней и на некоторое время застыл, всматриваясь в юное прекрасное лицо, потом принес плед и укрыл её. Девушка что-то сказала во сне и повернулась на другой бок.\n\nОн вздохнул и тихо сказал:\n\n– Все равно бы у нас ничего не вышло. Ты ещё не знаешь мой секрет. Я изнасиловал твоего батю.','/uploads/image-1745568377627-0.jpeg',NULL,'2025-04-25 11:06:15',0,8,2),(745,'я пью фиалковый лимонад оч вкусно','',NULL,'2025-04-26 12:10:49',0,4,8),(746,'','/uploads/image-1745734623962-0.jpeg',NULL,'2025-04-27 09:17:05',0,2,2),(747,'','/uploads/image-1745736729879-0.jpeg','adm','2025-04-27 09:52:11',0,5,2),(748,'я покрасилась друзья💋','/uploads/image-1745745158184-0.jpeg','aanesthezia','2025-04-27 12:12:42',0,8,67),(749,'лёвик','/uploads/image-1745748966324-0.jpeg',NULL,'2025-04-27 13:16:07',0,3,8),(750,'На выходных видел, как проститутка идет к сборищу дагестанцев, а потом оттуда пачка ментовских машин выезжает. Один мент даже с пистолетом кудато бежал. Короче, хорошие выходные, классно покатались на следующий день с друзьями в центре Новосиба. Сегодня меня затащили на КУБИК КВН ФМШ….ребята, мы теряем комедию. Но ребята молодцы, хоть както. Если ктото еще там был, пишите в комментах че как вам','/uploads/image-1745762210400-0.jpeg','матье бал','2025-04-27 16:56:56',0,7,1),(751,'Не, ну сегодня реально ужаасный сон. Сижу я в общаге с кентами, чё то пиздим, тут кто-то предлагает танки скачать, поиграть, ну а я чё, думаю заебись, ща я с этими лохопедами, которые еле как на газ жмут, поиграю, тут, вдруг, мне пишет ещё один друг, и как назло у них там целая кега пива, вы понимаете какая ужасная дилемма? Ехать два часа к другу за пивом, или поиграть в танки. Вы бы чё сделали?','/uploads/image-1745804818593-0.jpeg',NULL,'2025-04-28 04:46:59',0,3,2),(752,'с братом 👊🏻👊🏻✊🏻👊🏻👊🏻✊🏻👎🏻💪💪💪💪💪💪','/uploads/image-1745830746511-0.jpeg','#очирмойбрат','2025-04-28 11:59:10',0,8,55),(753,'А у меня СВАГАнааад','',NULL,'2025-04-28 19:21:05',0,3,1);
/*!40000 ALTER TABLE `Post` ENABLE KEYS */;
UNLOCK TABLES;

--
-- Table structure for table `Tag`
--

DROP TABLE IF EXISTS `Tag`;
/*!40101 SET @saved_cs_client     = @@character_set_client */;
/*!50503 SET character_set_client = utf8mb4 */;
CREATE TABLE `Tag` (
  `idTag` int NOT NULL AUTO_INCREMENT,
  `name` varchar(50) NOT NULL,
  PRIMARY KEY (`idTag`),
  UNIQUE KEY `name` (`name`)
) ENGINE=InnoDB AUTO_INCREMENT=386 DEFAULT CHARSET=utf8mb4 COLLATE=utf8mb4_0900_ai_ci;
/*!40101 SET character_set_client = @saved_cs_client */;

--
-- Dumping data for table `Tag`
--

LOCK TABLES `Tag` WRITE;
/*!40000 ALTER TABLE `Tag` DISABLE KEYS */;
INSERT INTO `Tag` VALUES (255,'_0_'),(179,'-:\"\"-`~\\|°•¿¡'),(180,'!+×÷=/@_<[#]%)^)*#&@^^**??'),(288,'???'),(217,'\'OR 1=1\''),(220,'@'),(327,'@penis'),(218,'\\n'),(318,'#приколюха'),(219,'×'),(149,'1'),(205,'1 2 3'),(329,'18+'),(197,'4;5:6\\7\\n8'),(96,'55555'),(152,'6'),(161,'77777'),(184,'9274807836'),(363,'aanesthezia'),(336,'death'),(370,'face'),(1,'hell'),(264,'hell yea'),(150,'j̵̨̻͍̻̤̩͒̾̅͊̾́̈́̿̚͝ͅj̵̨̻͍̻̤̩͒̾̅͊̾́̈́̿̚͝ͅj̵͒̾̅͊̾́̈́̿̚͝'),(341,'Kapov'),(232,'NaN'),(377,'Negr'),(231,'None'),(233,'NULL'),(222,'q'),(331,'sasalka'),(284,'Shitpost'),(290,'Staff'),(130,'test'),(372,'teste tetset'),(235,'Unknown'),(317,'Σ'),(154,'а\' OR 1=1'),(371,'аллаху акбар'),(86,'В ВАШЕМ ТЕЛЕФОНЕ📱📲📲📲ЖУКИ ‼️🪲‼️🪲🪲🚫СРОЧНО‼️УДАЛИТЕ🚫📲'),(378,'важно!'),(88,'говно'),(325,'гойда'),(309,'Длиннотекст'),(307,'Длиннотекст.'),(293,'долбаёбы'),(36,'емае'),(326,'жиды'),(361,'жизнь'),(299,'Зебись'),(356,'и'),(311,'ищу партнера доя занятий фронтендом'),(238,'какашечки'),(66,'кристинанастя'),(381,'Лиза Кениг'),(279,'лизакениг'),(385,'матье бал'),(340,'мда'),(54,'мы крутые'),(319,'нахуй'),(358,'о'),(272,'обучалкин'),(289,'Очир'),(229,'писечки'),(323,'пост про маму'),(14,'ПП'),(316,'признавашки'),(355,'р'),(64,'работ'),(298,'Сиськи'),(324,'спам'),(153,'тралалело\" OR 1=1'),(347,'Уэээ'),(357,'ч');
/*!40000 ALTER TABLE `Tag` ENABLE KEYS */;
UNLOCK TABLES;

--
-- Table structure for table `UserFollowedTag`
--

DROP TABLE IF EXISTS `UserFollowedTag`;
/*!40101 SET @saved_cs_client     = @@character_set_client */;
/*!50503 SET character_set_client = utf8mb4 */;
CREATE TABLE `UserFollowedTag` (
  `idUser` int NOT NULL,
  `idTag` int NOT NULL,
  PRIMARY KEY (`idUser`,`idTag`),
  KEY `idTag` (`idTag`),
  CONSTRAINT `UserFollowedTag_ibfk_1` FOREIGN KEY (`idUser`) REFERENCES `Users` (`idUser`) ON DELETE CASCADE,
  CONSTRAINT `UserFollowedTag_ibfk_2` FOREIGN KEY (`idTag`) REFERENCES `Tag` (`idTag`) ON DELETE CASCADE
) ENGINE=InnoDB DEFAULT CHARSET=utf8mb4 COLLATE=utf8mb4_0900_ai_ci;
/*!40101 SET character_set_client = @saved_cs_client */;

--
-- Dumping data for table `UserFollowedTag`
--

LOCK TABLES `UserFollowedTag` WRITE;
/*!40000 ALTER TABLE `UserFollowedTag` DISABLE KEYS */;
INSERT INTO `UserFollowedTag` VALUES (1,1),(1,14),(6,54),(8,54),(8,64),(1,66),(3,66),(6,66),(8,66),(9,66),(27,66),(54,66),(67,66),(9,88),(9,96),(6,272),(27,272),(1,279),(26,279),(1,293),(46,293),(1,298),(43,298),(1,309),(1,316),(6,316),(1,318),(47,318),(47,319),(54,323),(54,324),(54,325),(54,326),(54,327),(1,329),(2,329),(43,329),(31,331),(54,331),(8,340),(1,341),(26,341),(54,341),(75,341),(77,347),(1,363),(54,363),(69,363),(70,363),(75,370),(75,372),(26,381),(31,381),(73,381),(54,385);
/*!40000 ALTER TABLE `UserFollowedTag` ENABLE KEYS */;
UNLOCK TABLES;

--
-- Table structure for table `UserLikedComment`
--

DROP TABLE IF EXISTS `UserLikedComment`;
/*!40101 SET @saved_cs_client     = @@character_set_client */;
/*!50503 SET character_set_client = utf8mb4 */;
CREATE TABLE `UserLikedComment` (
  `idUser` int NOT NULL,
  `idComment` int NOT NULL,
  PRIMARY KEY (`idUser`,`idComment`),
  KEY `idComment` (`idComment`),
  CONSTRAINT `UserLikedComment_ibfk_1` FOREIGN KEY (`idUser`) REFERENCES `Users` (`idUser`) ON DELETE CASCADE,
  CONSTRAINT `UserLikedComment_ibfk_2` FOREIGN KEY (`idComment`) REFERENCES `Comment` (`idComment`) ON DELETE CASCADE
) ENGINE=InnoDB DEFAULT CHARSET=utf8mb4 COLLATE=utf8mb4_0900_ai_ci;
/*!40101 SET character_set_client = @saved_cs_client */;

--
-- Dumping data for table `UserLikedComment`
--

LOCK TABLES `UserLikedComment` WRITE;
/*!40000 ALTER TABLE `UserLikedComment` DISABLE KEYS */;
INSERT INTO `UserLikedComment` VALUES (1,18),(26,19),(26,21),(26,22),(26,23),(26,24),(26,27),(31,27),(4,28),(26,28),(31,28),(4,29),(43,33),(1,34),(43,35),(1,36),(4,36),(14,36),(26,36),(43,36),(4,37),(26,37),(26,38),(43,38),(43,63),(1,64),(6,64),(4,65),(49,67),(1,68),(49,68),(1,70),(4,71),(14,71),(49,71),(1,72),(49,72),(1,73),(1,74),(1,76),(4,76),(1,89),(1,90),(1,93),(1,95),(1,96),(1,97),(1,98),(1,99),(4,99),(1,100),(1,103),(1,104),(1,105),(43,105),(1,106),(4,106),(54,107),(1,108),(1,109),(54,110),(1,111),(54,111),(1,112),(54,112),(1,113),(47,113),(1,114),(47,114),(1,115),(26,115),(47,115),(1,116),(49,116),(1,117),(1,118),(43,118),(1,119),(1,120),(49,121),(1,122),(1,124),(1,126),(1,127),(1,128),(1,129),(55,134),(1,135),(47,142),(31,147),(31,148),(1,149),(31,149),(47,149),(52,149),(1,155),(1,156),(1,161),(55,161),(1,163),(4,163),(47,166),(54,166),(54,168),(54,170),(1,175),(1,182),(4,182),(31,182),(4,184),(31,188),(43,190),(1,194),(1,195),(4,195),(14,195),(31,195),(6,196),(1,202),(4,202),(8,202),(1,207),(1,209),(1,211),(1,212),(4,213),(1,214),(4,214),(4,217),(4,218),(1,220),(2,220),(4,220),(1,224),(2,224),(1,225),(2,226),(4,226),(1,228),(4,228),(1,229),(2,229),(1,233),(1,236),(1,237),(1,238),(1,239),(1,240),(1,241),(1,242),(1,243),(4,247),(63,247),(4,250),(4,251),(4,252),(4,253),(4,254),(4,255),(4,264),(4,315),(4,317),(43,317),(4,318),(4,319),(4,320),(8,320),(43,320),(4,321),(4,323),(14,323),(4,324),(1,339),(1,340),(43,340),(1,341),(1,342),(1,343),(1,344),(43,344),(1,345),(1,346),(54,346),(1,347),(1,349),(1,351),(67,351),(1,352),(67,352),(1,355),(43,355),(1,357),(1,361),(8,361),(43,362),(43,363),(1,365),(8,365),(8,366),(67,367),(1,368),(8,368),(1,369),(8,369),(4,371),(1,372),(1,373),(1,374),(1,375),(4,376),(1,379),(2,385),(4,417),(43,421),(4,426),(43,426),(4,427),(54,430),(1,432),(1,433),(43,433),(1,434),(43,434),(1,435),(4,439),(1,441),(1,444),(1,447),(1,449),(1,454),(47,457),(1,461),(1,462),(4,462),(8,463),(43,463),(1,464),(1,466),(8,466),(26,466),(43,466),(8,478),(1,481),(26,481),(1,482),(26,482),(43,482),(1,490),(43,491),(1,492),(1,494),(4,495);
/*!40000 ALTER TABLE `UserLikedComment` ENABLE KEYS */;
UNLOCK TABLES;

--
-- Table structure for table `UserLikedPost`
--

DROP TABLE IF EXISTS `UserLikedPost`;
/*!40101 SET @saved_cs_client     = @@character_set_client */;
/*!50503 SET character_set_client = utf8mb4 */;
CREATE TABLE `UserLikedPost` (
  `idUser` int NOT NULL,
  `idPost` int NOT NULL,
  PRIMARY KEY (`idUser`,`idPost`),
  KEY `idPost` (`idPost`),
  CONSTRAINT `UserLikedPost_ibfk_1` FOREIGN KEY (`idUser`) REFERENCES `Users` (`idUser`) ON DELETE CASCADE,
  CONSTRAINT `UserLikedPost_ibfk_2` FOREIGN KEY (`idPost`) REFERENCES `Post` (`idPost`) ON DELETE CASCADE
) ENGINE=InnoDB DEFAULT CHARSET=utf8mb4 COLLATE=utf8mb4_0900_ai_ci;
/*!40101 SET character_set_client = @saved_cs_client */;

--
-- Dumping data for table `UserLikedPost`
--

LOCK TABLES `UserLikedPost` WRITE;
/*!40000 ALTER TABLE `UserLikedPost` DISABLE KEYS */;
INSERT INTO `UserLikedPost` VALUES (1,7),(5,10),(1,12),(4,12),(4,13),(5,15),(5,16),(5,17),(6,17),(5,18),(6,18),(8,18),(5,19),(6,19),(8,19),(5,39),(8,39),(9,39),(39,39),(8,40),(31,50),(8,53),(8,54),(8,55),(8,56),(8,60),(6,63),(6,66),(6,67),(8,67),(9,68),(1,69),(9,69),(9,70),(4,73),(8,73),(1,74),(4,74),(1,76),(4,76),(1,77),(4,77),(9,77),(1,110),(6,110),(1,111),(1,112),(1,113),(14,113),(1,117),(4,117),(6,117),(8,117),(54,150),(26,152),(1,154),(1,167),(26,172),(6,186),(6,187),(6,188),(26,188),(1,190),(5,190),(6,190),(8,190),(14,190),(26,190),(30,190),(47,190),(1,191),(6,191),(8,191),(26,191),(26,193),(26,194),(26,195),(26,196),(1,197),(14,197),(26,197),(45,197),(1,200),(4,200),(5,200),(14,200),(26,200),(45,200),(47,200),(1,201),(4,201),(5,201),(14,201),(26,201),(45,201),(1,202),(45,202),(1,204),(26,204),(45,204),(1,206),(4,206),(14,206),(26,206),(41,206),(45,206),(47,206),(1,207),(26,207),(30,207),(45,207),(1,208),(6,208),(8,208),(26,208),(45,208),(45,209),(1,210),(6,210),(8,210),(39,210),(43,210),(45,210),(67,210),(1,213),(4,213),(8,213),(26,213),(31,213),(45,213),(1,215),(4,215),(8,215),(26,215),(31,215),(39,215),(41,215),(43,215),(45,215),(8,216),(26,216),(31,216),(45,216),(1,218),(4,218),(6,218),(8,218),(26,218),(31,218),(39,218),(43,218),(45,218),(1,219),(4,219),(8,219),(26,219),(31,219),(45,219),(31,220),(45,220),(1,221),(31,221),(45,221),(1,222),(4,222),(5,222),(6,222),(8,222),(26,222),(31,222),(43,222),(31,223),(43,223),(1,224),(8,224),(26,224),(31,224),(43,224),(31,225),(31,226),(6,231),(31,231),(43,231),(1,232),(6,232),(8,232),(31,232),(43,232),(1,233),(4,233),(31,233),(43,233),(47,233),(1,234),(26,234),(31,234),(1,236),(1,237),(1,238),(4,238),(4,239),(1,240),(4,240),(39,240),(49,240),(1,241),(4,241),(31,241),(31,242),(49,242),(1,245),(1,246),(1,247),(26,247),(1,248),(1,249),(1,250),(1,251),(43,252),(1,254),(4,254),(43,254),(1,255),(1,256),(1,257),(1,258),(1,259),(4,259),(26,259),(39,259),(1,260),(4,260),(1,261),(1,262),(8,262),(43,262),(1,263),(43,263),(54,263),(1,264),(43,264),(47,264),(54,264),(1,265),(4,265),(8,265),(39,265),(1,266),(4,266),(8,266),(43,266),(47,266),(1,267),(8,267),(1,268),(8,268),(26,268),(1,269),(4,269),(8,269),(26,269),(43,269),(47,269),(54,269),(55,269),(1,270),(4,270),(8,270),(26,270),(43,270),(47,270),(54,270),(55,270),(1,271),(8,271),(47,271),(1,272),(1,273),(1,274),(1,275),(1,541),(1,542),(26,542),(47,542),(1,545),(31,545),(47,545),(52,545),(54,545),(1,546),(1,547),(1,548),(1,549),(52,549),(1,550),(1,554),(31,554),(1,555),(4,555),(8,555),(31,555),(39,555),(1,556),(4,556),(8,556),(31,556),(39,556),(1,557),(1,558),(6,558),(8,558),(39,558),(1,559),(1,560),(1,561),(1,569),(31,569),(52,569),(54,569),(1,577),(1,578),(43,578),(1,580),(1,582),(1,583),(1,584),(1,585),(2,585),(41,585),(1,587),(2,587),(31,587),(41,587),(55,587),(1,589),(8,589),(31,589),(52,589),(1,590),(2,590),(4,590),(8,590),(39,590),(8,591),(41,591),(8,596),(8,597),(1,598),(2,598),(8,598),(41,598),(1,599),(8,599),(31,599),(41,599),(1,600),(8,600),(1,601),(2,601),(6,601),(8,601),(31,601),(41,601),(1,602),(8,602),(41,602),(1,603),(2,603),(41,603),(1,604),(2,604),(8,604),(31,604),(41,604),(1,605),(2,605),(1,606),(8,606),(31,606),(41,606),(1,609),(4,609),(41,609),(1,610),(4,610),(41,610),(1,611),(8,611),(1,612),(6,612),(8,612),(1,613),(4,613),(8,613),(14,613),(31,613),(39,613),(1,614),(43,614),(1,616),(6,616),(8,616),(31,616),(41,616),(43,616),(1,617),(6,617),(8,617),(1,618),(4,618),(6,618),(8,618),(39,618),(43,618),(1,619),(8,619),(39,619),(1,620),(1,621),(1,622),(8,622),(1,623),(8,623),(31,623),(39,623),(43,623),(1,624),(1,625),(41,625),(1,626),(4,626),(8,626),(41,626),(43,626),(63,626),(1,629),(31,629),(69,629),(1,630),(4,630),(6,630),(1,632),(2,632),(6,632),(8,632),(63,632),(1,633),(2,633),(6,633),(1,634),(2,634),(4,634),(31,634),(41,634),(63,634),(66,634),(43,635),(1,636),(4,636),(8,636),(39,636),(43,636),(1,637),(8,637),(39,637),(43,637),(67,637),(1,638),(1,639),(43,639),(1,640),(6,640),(8,640),(67,640),(43,642),(1,643),(8,643),(31,643),(43,643),(67,643),(1,644),(6,644),(8,644),(1,645),(6,645),(8,645),(1,646),(4,646),(6,646),(31,646),(43,646),(1,648),(4,648),(6,648),(8,648),(26,648),(43,648),(47,648),(67,648),(1,649),(43,649),(1,650),(8,650),(43,650),(1,651),(8,651),(43,651),(1,652),(1,653),(43,653),(1,655),(6,655),(8,655),(1,657),(4,657),(8,657),(43,657),(1,658),(8,658),(1,702),(47,702),(52,702),(1,704),(4,704),(8,704),(43,704),(43,706),(1,708),(1,709),(4,709),(8,709),(75,709),(1,710),(1,711),(6,711),(8,711),(43,711),(1,712),(8,712),(43,712),(67,712),(1,713),(1,714),(67,714),(1,716),(67,716),(1,717),(43,717),(67,717),(1,718),(4,718),(8,718),(43,718),(1,719),(1,720),(43,720),(63,720),(1,721),(67,721),(1,722),(14,722),(67,722),(1,723),(4,723),(8,723),(26,723),(43,723),(47,723),(67,723),(75,723),(1,724),(8,724),(26,724),(31,724),(43,724),(67,724),(75,724),(1,725),(4,725),(8,725),(43,725),(63,725),(67,725),(75,725),(1,726),(26,726),(43,726),(1,727),(43,727),(1,728),(8,728),(31,728),(43,728),(1,729),(4,729),(6,729),(8,729),(26,729),(31,729),(43,729),(47,729),(54,729),(1,730),(4,730),(8,730),(31,730),(43,730),(63,730),(1,731),(8,731),(43,731),(1,734),(8,734),(14,734),(31,734),(1,735),(4,735),(31,735),(1,736),(4,736),(1,737),(1,739),(6,739),(31,739),(43,739),(63,739),(1,740),(6,740),(8,740),(43,740),(1,741),(4,741),(6,741),(8,741),(31,741),(43,741),(1,742),(8,742),(26,742),(31,742),(43,742),(1,743),(8,743),(26,743),(41,743),(43,743),(1,744),(4,744),(8,744),(41,744),(43,744),(63,744),(1,745),(8,745),(41,745),(43,745),(1,746),(43,746),(1,747),(4,747),(8,747),(43,747),(54,747),(1,748),(4,748),(8,748),(31,748),(43,748),(67,748),(1,749),(8,749),(43,749),(1,750),(4,750),(8,750),(26,750),(43,750),(47,750),(54,750),(1,751),(8,751),(43,751),(1,752),(4,752),(8,752),(26,752),(31,752),(43,752),(47,752),(55,752),(1,753),(4,753),(43,753);
/*!40000 ALTER TABLE `UserLikedPost` ENABLE KEYS */;
UNLOCK TABLES;

--
-- Table structure for table `UserViewedPost`
--

DROP TABLE IF EXISTS `UserViewedPost`;
/*!40101 SET @saved_cs_client     = @@character_set_client */;
/*!50503 SET character_set_client = utf8mb4 */;
CREATE TABLE `UserViewedPost` (
  `idUser` int NOT NULL,
  `idPost` int NOT NULL,
  PRIMARY KEY (`idUser`,`idPost`),
  KEY `idPost` (`idPost`),
  CONSTRAINT `UserViewedPost_ibfk_1` FOREIGN KEY (`idUser`) REFERENCES `Users` (`idUser`) ON DELETE CASCADE,
  CONSTRAINT `UserViewedPost_ibfk_2` FOREIGN KEY (`idPost`) REFERENCES `Post` (`idPost`) ON DELETE CASCADE
) ENGINE=InnoDB DEFAULT CHARSET=utf8mb4 COLLATE=utf8mb4_0900_ai_ci;
/*!40101 SET character_set_client = @saved_cs_client */;

--
-- Dumping data for table `UserViewedPost`
--

LOCK TABLES `UserViewedPost` WRITE;
/*!40000 ALTER TABLE `UserViewedPost` DISABLE KEYS */;
/*!40000 ALTER TABLE `UserViewedPost` ENABLE KEYS */;
UNLOCK TABLES;

--
-- Table structure for table `Users`
--

DROP TABLE IF EXISTS `Users`;
/*!40101 SET @saved_cs_client     = @@character_set_client */;
/*!50503 SET character_set_client = utf8mb4 */;
CREATE TABLE `Users` (
  `idUser` int NOT NULL,
  `displayedName` varchar(255) NOT NULL,
  `pic` varchar(255) DEFAULT NULL,
  `admin` tinyint(1) DEFAULT '0',
  `password` varchar(255) DEFAULT NULL,
  PRIMARY KEY (`idUser`),
  CONSTRAINT `Users_ibfk_1` FOREIGN KEY (`idUser`) REFERENCES `Nsu` (`idNsuUser`) ON DELETE CASCADE
) ENGINE=InnoDB DEFAULT CHARSET=utf8mb4 COLLATE=utf8mb4_0900_ai_ci;
/*!40101 SET character_set_client = @saved_cs_client */;

--
-- Dumping data for table `Users`
--

LOCK TABLES `Users` WRITE;
/*!40000 ALTER TABLE `Users` DISABLE KEYS */;
INSERT INTO `Users` VALUES (1,'FUCK','https://www.sigmaltd.space/uploads/image-1744200310531-0.png',0,'$2y$10$HaLdQmbCioXykn9Mk2QZ8eTaRU1Sszso/iIP/mmCaJKZ3QMVbnPb.'),(2,'Anonim','https://letsenhance.io/static/73136da51c245e80edc6ccfe44888a99/1015f/MainBefore.jpg',0,'$2y$10$oJaVsKfd07iHxfy0DogHZOPlYf67DTj/Vs4pHEozVY6MPizSIp6Ue'),(3,'Порно','https://www.sigmaltd.space/uploads/image-1744197973723-0.png',0,'$2y$10$0BnoXYrmv/3RcNbAV.sNfO1K.6gaWbaW0h4GgmfGXnQkaVoaNP1m.'),(4,'AlexPRO','https://www.sigmaltd.space/uploads/image-1744199173145-0.jpeg',0,'$2y$10$QIIUNqfs8bqsm63gsshnq.pievLEOFzFEQU5k7JqB51XGZkus4hL.'),(5,'Aita','https://letsenhance.io/static/73136da51c245e80edc6ccfe44888a99/1015f/MainBefore.jpg',0,'$2y$10$35yrVUIdIU.bDzBTzwmoB.tnjEg/ejZpbHJntZTmY9LrY0AGWKDxm'),(6,'кристинаа я','https://www.sigmaltd.space/uploads/image-1744738769941-0.jpeg',0,'$2y$10$lqUPLGN.Ar2rObSTQOZowO9BoURWjp3TzhA4662CQEFTIXzTRs0OS'),(8,'uuvaiooo','https://www.sigmaltd.space/uploads/image-1744293439370-0.jpeg',0,'$2y$10$Yq.iWFxaOa/50CO.GiEIBOtSGP9RKAcqTmzz2LeMOJphQRRXWl5OS'),(9,'говно','https://letsenhance.io/static/73136da51c245e80edc6ccfe44888a99/1015f/MainBefore.jpg',0,'$2y$10$23ClVPB9LgCpE53.LH/ILehx9ydRaSxyYgXONyjgm4Sk8B2CLIdhm'),(12,'porno','https://letsenhance.io/static/73136da51c245e80edc6ccfe44888a99/1015f/MainBefore.jpg',0,'$2y$10$Dn/qGTzHxHLcuG11GJgUyeImXBJ82lMCwhgTt6eE9EWAH9zBaxL4u'),(13,'ochir','https://letsenhance.io/static/73136da51c245e80edc6ccfe44888a99/1015f/MainBefore.jpg',0,'$2y$10$tx.ko6a9Eh9SFPm8FBfJVeM5Y8uf7ooKIXeoqwB04egn2Lrl.OQra'),(14,'λόγος','https://www.sigmaltd.space/uploads/image-1744198263152-0.jpeg',0,'$2y$10$n8JlzMPIwn1wvuA4RLuFEeLUeq515b9yF2Ypgrrs87XvHEasD4say'),(25,'alaska','https://via.placeholder.com/150',0,'$2y$10$E0/gWqcXUVTpPK2DbiGiMeeEKKJ6Pis.9dcU1Rm9Rxos5fgq1JZIO'),(26,'alaska','https://via.placeholder.com/150',0,'$2y$10$kmsTGkYkFNEne4BpWDgA1eI5RWKOF2dXMOEhVplQYvYzbvc6PPZU6'),(27,'Pyrotechnic','https://via.placeholder.com/150',0,'$2y$10$mt7ylXAO265bSD4AZn236uk7FrflvBrD5IkFlRbIi5SGy1599ad0q'),(28,'Denis','https://via.placeholder.com/150',0,'$2y$10$FVuIIHYmY7jl6NHDePOUyeFKp18l4URgshAT1Jv/2X19iDPWVS8bu'),(29,'Гарик','https://via.placeholder.com/150',0,'$2y$10$vUgWnWe6azQTX8t2oCz.Ue2hRrCMpAbx2.lmFRSxykUGI9fD17VxS'),(30,'Aya','https://via.placeholder.com/150',0,'$2y$10$L.v6hinSEDUhrh4c9YyTmOSOCeoVZctLasdbQV5AcSEtz0/a/6WfC'),(31,'Ochir','https://www.sigmaltd.space/uploads/image-1744199288959-0.jpeg',0,'$2y$10$Zt.2LzlOd.aj09NoN4nkTeDrNOOLB5A35Cz0hFgmzJ3rIJ45Nqxj2'),(32,'yow','https://via.placeholder.com/150',0,'$2y$10$/0b5Vf6mEBjX2ChbmgTIJ.3ql1CxAwFA8C3nxQWpCIaSvXJT1kaJi'),(33,'Margarita ','https://via.placeholder.com/150',0,'$2y$10$YqkMG5xov0puByO.0OqMHOUxBfAajx/2wcQvPbQq5gC.GDO.riBDO'),(34,'Less','https://via.placeholder.com/150',0,'$2y$10$alXO56hNlAfcrNK0mb3nBuXtxsReuoQdZ0cDOpStSnGtaB9PQB0Sq'),(35,'Ohic','https://via.placeholder.com/150',0,'$2y$10$0cTTwJpeMSn2G/u5qA2/juA2k9Z2wRKK/7lQ6QqQweWylDVVRHiX.'),(37,'Sosal?','https://via.placeholder.com/150',0,'$2y$10$6tjwmV3RB19f.FRg.gbH7OpIrAmGQtZdBJfvc7pzxXXVEvstaFa7S'),(38,'Жертва сессии ','https://via.placeholder.com/150',0,'$2y$10$2iMAV6bLe9RLXGU6im4w3uNWIi/5sMCScoePdtFNanvIIppMZmp0O'),(39,'Hekate','https://via.placeholder.com/150',0,'$2y$10$wx3TuyRk2WsMheAUZvXFWezi7J5M0vJAsNG0pLaFDRODs//zgyi7C'),(40,'Yuri','https://via.placeholder.com/150',0,'$2y$10$GCyVrY0p/259RbfV2kBMCe7swp.qnD6xo0f8g2By464B4xbFThRQS'),(41,'djennir','https://via.placeholder.com/150',0,'$2y$10$vz6ujBiaKtzQjemjRsIzFOAcDF16L5ClKQJE3sPot.vIw/TUDcJhy'),(42,'Alexander','https://via.placeholder.com/150',0,'$2y$10$cgZDAolUnIWbGbhdVdkQWeep5hR038VlN.cbDVO1iIx2C1c9zH05a'),(43,'deudeuka','https://www.sigmaltd.space/uploads/image-1744243461164-0.jpeg',0,'$2y$10$HvVPvfV0KjnlthunRA0ui.IqRM.K5ybgED5hzsDWMWnPeqT0yP4HO'),(44,'sxrose','https://via.placeholder.com/150',0,'$2y$10$.oU0EAVJEkLLqc12v/6FFer//oFZqeW4CSStRWy6AYuQv3.lotiyO'),(45,'Жировичок','https://via.placeholder.com/150',0,'$2y$10$DKlPPUXn9QMl/hkA/.kyw.jOukFT.wWu.dfZZQ47FL2BDOACyxEne'),(46,'a_for_short','https://via.placeholder.com/150',0,'$2y$10$9SgEsft249vMnpxZwTKIU.lgWo6QIIbQ4omuH2qaT/QdVMJjx8hhC'),(47,'ЧЕБАмяу','https://www.sigmaltd.space/uploads/image-1744805499651-0.png',0,'$2y$10$oEJLhcQRlHugOL/k5li/OO9ssNT8dp5sgUGv3a5.gF9NvEFiYoz.K'),(48,'Gruja','https://via.placeholder.com/150',0,'$2y$10$TtIhok.bV3dzoNuni6xYaOZVzwUp2yUADJG7QU4pN0chxX210mhwy'),(49,'Утонул корабль','https://via.placeholder.com/150',0,'$2y$10$2F9a2fuyMNQrJ1uNMRoedegTjFMR.F4AbgjE3hhuoMoDh3Rdu69lC'),(52,'Larjee','https://via.placeholder.com/150',0,'$2y$10$irbWiITFOI1wts5ZyAyPJONwloth05rYg/WmtmUE1VQY8I.OUOvD2'),(53,'Артём','https://via.placeholder.com/150',0,'$2y$10$E9i3Np1zo9yX.ufs7awUSuII9pKKrPULC1oEAGF/cUcJonthevA7G'),(54,'Egor Kapov','https://via.placeholder.com/150',0,'$2y$10$sVsuHGuUWSfForXMwljQxeHQFbxvCzTksdHG102Iv1d6BTCgIQJ9S'),(55,'filimonq','https://via.placeholder.com/150',0,'$2y$10$KLvTuh8AjYtEw6T5FzyTm.jlya5fB4AoUXgZsqqS4Z/dvnMH9LG0C'),(56,'huil,m','https://via.placeholder.com/150',0,'$2y$10$Oyj9o1hFMP1d5iIu.t4sqO4cYI1JpL2OPFl/x0CBhyBQ2qnrS71Le'),(57,'Kate','https://via.placeholder.com/150',0,'$2y$10$aJk6edEi1nyd9elTc.w.3ePL3LOpmHjNx9Nm5f1ebzoY2QQjljv4S'),(58,'bolshaya mish','https://via.placeholder.com/150',0,'$2y$10$LVV992jmq98k7FYpfWhM2Ou6OMSLUZtvBUjcKjOjPwAneEad6lc/C'),(59,'Ancapistan','https://via.placeholder.com/150',0,'$2y$10$J24MXQHjOUdDIKVSlPaTx.Fg1GUEhnNJ.7aAX9cWaGFGDuLE6qiq6'),(60,'😈😈😈','https://via.placeholder.com/150',0,'$2y$10$qBNXBi3DuOnaypzUqUDPUuaXjnVjOQ/apBlyuNYAh4zSNXyDS1qcW'),(61,'Dwarf','https://via.placeholder.com/150',0,'$2y$10$BgxyRmGJaxXElbbmXxFCduSbxR1cuPhtdJhsA2uulGfaXD8nsrY9e'),(63,'nacht','https://www.sigmaltd.space/uploads/image-1744293328314-0.jpeg',0,'$2y$10$mBHrZUs0Zd/cMXWYvk3de./EYSninZrO8OUUgDU1U5cKaD9t/S7zS'),(64,'pblob','https://via.placeholder.com/150',0,'$2y$10$lnp3yZTt.3Cx9mmDkGU4OOtqzZrk8/RTjQEhKaFogQE7eSYNQTh3C'),(66,'Bogdan','https://via.placeholder.com/150',0,'$2y$10$wX21Xbzs8HNYjnECGTvoMO6RwHWV6qI67AZ1E1tbEROyl1JjbFPwO'),(67,'aanesthezia','https://via.placeholder.com/150',0,'$2y$10$7tQA921277a6796BpLRiqObUKfB0uUOrXWE6yNGUdD3v4JXLMxmAO'),(68,'Альфа кабыла','https://via.placeholder.com/150',0,'$2y$10$3cnMIgRdiYeDHoK/LeF.ie.uxvSXpJVXZlPztFPsxNmxLZQxN2DMW'),(69,'GoonFutaMaster','https://via.placeholder.com/150',0,'$2y$10$yoWCD2GExVzx1zItrFWNb./VRYYyrbOgKiGTdaHbRrzFkiE.pLym2'),(70,'zxc anal','https://via.placeholder.com/150',0,'$2y$10$Vp0lGqMgdyTNbuurSxloM.4Gi7tmVnDGrr1MJAwzEU461XzFva1Ym'),(71,'??????','https://via.placeholder.com/150',0,'$2y$10$octciyIfn/FnzZSsFurN9O9Tn6/X7EU5Bu15sbHT1a.opFgeTnVxq'),(73,'amor_','https://via.placeholder.com/150',0,'$2y$10$TmKXlitQOitUEFAKE9Zm7.s3ETGBfFmqP.kCucgCrcR94lmRNd/Xu'),(74,'rickinicki','https://via.placeholder.com/150',0,'$2y$10$nE5QID7wwHNUGxXtgE.8.O8X37fthROd5ey3iQOXjqTFXOfogm0mm'),(75,'helloworld!','https://via.placeholder.com/150',0,'$2y$10$bK.KunbsGI3EMZK6dn3eLOeTQuckZFpXrIp1cxC2xzAr2WefAlDl2'),(76,'Pon','https://via.placeholder.com/150',0,'$2y$10$ei8pvgmaG43865IF6Zyd7..wiDFwdXopuM6vdM07btudDeRPF4CZK'),(77,'Maratik','https://via.placeholder.com/150',0,'$2y$10$U2NLkR7LoGBacN49dh.xOeNP.6QW4kcWQb1FCiDGQeg/Y86auI.9W');
/*!40000 ALTER TABLE `Users` ENABLE KEYS */;
UNLOCK TABLES;
/*!50112 SET @disable_bulk_load = IF (@is_rocksdb_supported, 'SET SESSION rocksdb_bulk_load = @old_rocksdb_bulk_load', 'SET @dummy_rocksdb_bulk_load = 0') */;
/*!50112 PREPARE s FROM @disable_bulk_load */;
/*!50112 EXECUTE s */;
/*!50112 DEALLOCATE PREPARE s */;
/*!40103 SET TIME_ZONE=@OLD_TIME_ZONE */;

/*!40101 SET SQL_MODE=@OLD_SQL_MODE */;
/*!40014 SET FOREIGN_KEY_CHECKS=@OLD_FOREIGN_KEY_CHECKS */;
/*!40014 SET UNIQUE_CHECKS=@OLD_UNIQUE_CHECKS */;
/*!40101 SET CHARACTER_SET_CLIENT=@OLD_CHARACTER_SET_CLIENT */;
/*!40101 SET CHARACTER_SET_RESULTS=@OLD_CHARACTER_SET_RESULTS */;
/*!40101 SET COLLATION_CONNECTION=@OLD_COLLATION_CONNECTION */;
/*!40111 SET SQL_NOTES=@OLD_SQL_NOTES */;

-- Dump completed on 2025-04-29  3:25:43
